,MonthYear,Count,SumNumMentions,Actor2CountryCode
0,202008,13,38,HUN
1,202009,8,28,SVK
2,201704,6,22,LTU
3,201703,41,190,RUS
4,201801,4,50,MDA
5,201710,963,6876,
6,201710,3,5,TWN
7,201802,10,40,CZE
8,201802,2,20,DOM
9,201502,10,66,EUR
10,201508,39,198,EST
11,201509,10,45,ISR
12,201804,1,8,JPN
13,201609,17,79,BGR
14,201707,56,220,HRV
15,201605,14,70,FRA
16,201711,1,10,NOR
17,201908,6,17,TWN
18,201707,4,50,DNK
19,201609,3,36,IND
20,201808,105,497,USA
21,201801,4,16,MWI
22,201910,707,5107,
23,201907,2,7,NLD
24,201612,6,44,NZL
25,201908,3,7,OMN
26,201608,2,6,LKA
27,201906,2,10,BHR
28,201907,1,2,AUT
29,201712,39,145,RUS
30,201812,34,133,DNK
31,201909,5,19,CZE
32,201705,19,85,TUR
33,201712,2,2,PHL
34,201901,2,4,MDA
35,202003,2,10,HRV
36,201908,4,21,SVK
37,202002,2,2,MKD
38,201605,5,22,ITA
39,202003,3,10,COL
40,202002,2,2,BGD
41,201902,1,2,UGA
42,201910,1,10,BGR
43,201811,14,51,IDN
44,202012,1,10,MDA
45,201606,4,16,PHL
46,201710,3,14,SWE
47,201704,1,20,CUB
48,201608,2,4,HRV
49,201608,25,148,ITA
50,201711,87,417,USA
51,201610,10,80,JPN
52,201805,1,4,MCO
53,201512,88,443,POL
54,201604,40,247,EUR
55,201612,6,32,ITA
56,201603,99,437,USA
57,201711,8,23,DNK
58,201805,3,10,IND
59,201608,11,22,ISR
60,201603,42,302,WST
61,201510,5,20,AUT
62,201502,2,10,MEX
63,201509,3,7,AFG
64,201504,9,26,ITA
65,201908,1,6,ALB
66,201711,25,80,VNM
67,201507,8,28,BGR
68,201609,4,16,EGY
69,201607,2154,14220,
70,202012,9,54,IRQ
71,201706,3,16,LTU
72,201604,2,10,AGO
73,201506,1,2,NMR
74,201903,13,99,SAU
75,201505,2,12,AZE
76,201804,10,66,IRN
77,201912,3,20,CHE
78,201909,9,9,KEN
79,201508,2,10,NOR
80,201805,2,20,NMR
81,201906,35,130,CZE
82,201809,3,6,ISR
83,202001,6,20,SWE
84,201710,3,8,MEX
85,201908,6,30,QAT
86,201909,3,20,QAT
87,201805,2,10,UZB
88,201802,3,30,CHE
89,201903,1,5,CHN
90,202004,2,20,BLR
91,201605,1,8,EGY
92,201607,7,25,BRA
93,201804,1,4,VEN
94,201905,5,12,AUS
95,201502,1,10,AZE
96,202009,2,20,GBR
97,202002,54,210,USA
98,201611,159,716,GBR
99,201704,13,42,SYR
100,201610,8,27,KOR
101,201711,2,13,LUX
102,201702,7,56,DNK
103,201804,11,106,LUX
104,201604,982,7242,
105,201706,7,28,CAN
106,201510,32,201,RUS
107,201611,1,7,AFG
108,201805,1,10,ECU
109,201803,6,12,AZE
110,201603,30,123,CZE
111,201602,15,67,BEL
112,201603,13,81,BEL
113,201702,3,10,KOR
114,201511,8,30,TUR
115,201510,7,20,TZA
116,201507,11,53,KOR
117,201505,2,10,DZA
118,201612,5,23,AZE
119,201708,2,20,NZL
120,201901,64,250,IRN
121,201803,7,21,ZWE
122,201803,2,10,CHE
123,202012,3,8,SVK
124,202012,2,6,NMR
125,201705,4,18,EGY
126,201705,4,8,VAT
127,201810,3,14,CAN
128,201807,1,2,CHE
129,201905,1,10,MCO
130,201609,2,21,SGP
131,202010,389,2812,
132,202010,27,154,EUR
133,201605,2,3,DNK
134,201709,1,3,IDN
135,201901,2,5,MCO
136,201902,1,4,ECU
137,201701,5,20,TWN
138,201610,1,10,MKD
139,201801,1,10,PSE
140,202005,1,10,COL
141,201712,1,6,CAN
142,201608,1,10,BRA
143,202005,18,72,UKR
144,201907,94,443,USA
145,202007,3,10,ALB
146,201704,13,303,BGR
147,201704,63,358,RUS
148,201608,136,483,POL
149,201608,119,617,UKR
150,201708,14,64,LTU
151,201706,16,90,ITA
152,201612,27,143,ALB
153,201604,127,468,POL
154,201506,47,257,BGR
155,201511,110,640,EUR
156,201803,3,13,NLD
157,201605,40,206,GRC
158,201511,6,42,SRB
159,201604,8,16,AFR
160,201601,8,28,LTU
161,201502,1,4,LBN
162,201609,56,260,CZE
163,201707,2,8,AUT
164,201510,1,10,DOM
165,201507,2,4,CHN
166,201901,32,118,FRA
167,201509,2,10,MNG
168,201707,5,14,LBY
169,201908,7,34,BLR
170,201911,110,593,USA
171,201701,1,2,HRV
172,201904,4,12,PAK
173,201710,4,10,AUS
174,201907,2,5,BHR
175,201902,33,126,SVK
176,201607,211,1019,UKR
177,201508,1,10,COL
178,201608,7,24,PAN
179,201905,13,72,GBR
180,202011,1,10,GBR
181,201505,1,8,CUB
182,201612,1,8,CHL
183,201906,2,4,SWE
184,201505,2,8,NPL
185,201607,7,34,SWE
186,201902,21,66,CHN
187,201606,30,342,MKD
188,201607,1,2,ISL
189,201801,78,289,ISR
190,201707,1,2,MDA
191,201905,4,15,IRL
192,201607,3,152,ALB
193,201905,1,6,ESP
194,201508,1,10,BLZ
195,202003,1,2,NOR
196,201907,101,299,POL
197,202009,2,10,CYP
198,201611,3,8,UZB
199,201703,14,67,CZE
200,201611,5,16,OMN
201,201707,178,602,RUS
202,201610,104,768,EUR
203,201709,103,388,POL
204,201710,32,152,GBR
205,201807,19,66,JPN
206,201805,10,65,TUR
207,201705,10,46,EST
208,201509,7,60,SYR
209,201810,15,49,CZE
210,201604,14,57,FRA
211,201811,1,2,IND
212,201611,1,4,CUB
213,201609,156,751,GBR
214,201511,6,16,COL
215,202002,3,12,TUR
216,201503,1,4,IND
217,201509,4,23,PSE
218,201601,1,10,ZWE
219,201901,40,293,EUR
220,201504,1,2,VAT
221,201807,8,28,BLR
222,201910,6,21,SVK
223,201901,9,12,MLT
224,201712,13,119,ITA
225,201503,3,9,KOR
226,201810,2,8,FIN
227,201509,1,10,JOR
228,201606,15,109,PRT
229,201609,7,29,ITA
230,202001,1,2,VAT
231,201804,4,10,LVA
232,201805,4,10,AGO
233,201808,2,18,BRA
234,201610,1,10,AFR
235,201712,1,10,ARG
236,201803,1,2,SAU
237,201912,2,5,CHL
238,202005,7,25,DNK
239,202007,523,3769,
240,202008,636,4123,
241,202009,5,17,ISR
242,201704,21,98,HUN
243,201610,15,58,IDN
244,201709,63,372,UKR
245,201506,26,62,FRA
246,201502,1,2,CAN
247,201604,48,437,UKR
248,201803,112,579,DEU
249,201807,27,107,WST
250,201803,13,44,BLR
251,201510,15,56,HRV
252,201508,15,80,RUS
253,201504,5,24,SVK
254,201612,4,20,CHE
255,201508,18,69,BGR
256,201610,16,101,CAN
257,202001,1,4,VEN
258,201507,8,52,IRN
259,201609,3,10,ECU
260,201704,2,12,ESP
261,201507,8,180,ECU
262,201507,1,1,JOR
263,201705,1,10,CYP
264,201502,5,11,LTU
265,201902,72,703,EUR
266,201911,1,10,TUR
267,201609,8,98,MDA
268,201604,2,16,PER
269,201902,21,99,FRA
270,201504,2,10,LIE
271,201607,197,980,WST
272,201607,6,24,IRL
273,201907,5,30,HRV
274,201808,11,36,CZE
275,201807,2,2,THA
276,201703,1,2,ISL
277,201809,2,6,RWA
278,201802,1,2,PSE
279,201902,2,10,HRV
280,201807,3,20,IRL
281,201603,1,10,CHL
282,201606,2,20,MEX
283,201707,2,10,COL
284,201507,1,2,AFG
285,201805,3,5,FIN
286,201808,1,10,AFR
287,201710,3,10,CZE
288,201903,1,20,TZA
289,201607,2,8,URY
290,201810,2,10,SVK
291,202004,9,18,HUN
292,202003,5,16,KOR
293,202005,3,20,CHN
294,202007,2,4,BGR
295,201704,61,360,EUR
296,201608,20,95,CZE
297,201702,15,64,BLR
298,201702,1,4,VEN
299,201711,76,716,EUR
300,201805,16,61,ISR
301,201702,6,14,ISL
302,201702,5,19,LTU
303,201711,5,20,NZL
304,201510,17,81,GBR
305,201701,4,12,IRL
306,201507,13,100,KGZ
307,201511,5,20,GRC
308,201706,11,48,ISR
309,201605,51,200,IRN
310,201508,7,60,SYR
311,201905,13,51,LTU
312,201904,675,4390,
313,201604,6,24,CUB
314,201605,22,80,EST
315,201912,5,22,BEL
316,201604,3,10,ARM
317,201505,2,11,TUN
318,201901,5,34,BLR
319,201506,1,6,IRL
320,201912,4,20,JPN
321,202002,3,20,NLD
322,201505,6,25,ISR
323,201809,51,273,HUN
324,201809,10,50,ITA
325,201702,1,10,DZA
326,202011,38,174,POL
327,202011,28,122,USA
328,201912,2,6,CYP
329,201604,3,12,IDN
330,201805,4,14,ALB
331,201902,3,5,SLE
332,201908,1,2,CAN
333,201606,8,40,IRN
334,201607,6,21,KEN
335,201609,1,10,PER
336,201804,1,20,FIN
337,201801,1,8,AGO
338,201606,1,10,EGY
339,201607,1,10,JPN
340,201712,5,7,ALB
341,201510,1,10,ARG
342,201906,4,4,SAU
343,201911,1,4,GRC
344,201810,3,4,PAN
345,201812,1,2,CAN
346,202007,21,94,LTU
347,201702,20,131,NLD
348,201702,9,45,MDA
349,201702,26,176,WST
350,201708,12,60,DNK
351,201708,66,246,USA
352,201611,3,10,ARG
353,201802,10,47,BEL
354,201802,8,45,LUX
355,201503,10,30,BLR
356,201705,47,279,DEU
357,201706,31,125,GBR
358,201511,6,18,BLR
359,201603,5,18,HRV
360,201807,680,4757,
361,201512,37,210,BGR
362,201509,109,585,UKR
363,201608,4,32,ESP
364,201511,20,51,LTU
365,201503,86,578,POL
366,201510,4,20,NZL
367,202001,43,215,USA
368,201512,5,18,SYR
369,201605,7,46,VAT
370,201810,41,174,RUS
371,201804,9,58,DNK
372,201609,56,239,DEU
373,201604,2,4,VEN
374,201912,67,241,POL
375,201707,30,106,JPN
376,201506,9,57,LTU
377,201701,3,10,AUS
378,201601,6,37,ARG
379,201506,1,10,JOR
380,201503,4,24,SVK
381,201808,3,24,ITA
382,201911,4,30,MMR
383,201701,3,8,AUT
384,201503,2,10,JPN
385,201506,3,45,LUX
386,201809,4,25,WST
387,201903,14,72,WST
388,201907,2,6,ZWE
389,201911,4,30,SWE
390,201902,14,48,PSE
391,201504,1,4,KAZ
392,201712,10,54,ISR
393,202003,5,20,CZE
394,202002,1,10,IRQ
395,201705,4,20,PAK
396,201606,58,285,UKR
397,202005,1,10,BGR
398,202003,1,10,JOR
399,201804,2,4,ZMB
400,201601,1,10,SRB
401,202001,3,23,GRC
402,201808,5,12,BGR
403,201606,15,117,TUR
404,202003,1,10,ARG
405,201910,2,10,BOL
406,201904,3,10,PRT
407,201607,2,2,CIV
408,201811,1,6,PSE
409,201909,1,10,SYR
410,201803,1,10,IDN
411,201902,1,2,MCO
412,201612,1,8,IDN
413,201711,2,4,CYP
414,201812,1,10,FJI
415,202006,27,129,UKR
416,202006,4,26,AUT
417,202008,4,20,TUR
418,201611,932,6695,
419,201610,9,39,AFG
420,201801,6,18,IRN
421,201802,6,30,MDA
422,201510,29,148,HUN
423,201601,60,374,HUN
424,201509,19,116,IDN
425,201701,2,5,BOL
426,201511,3,3,JPN
427,201905,708,4845,
428,201906,5,12,FRA
429,202002,67,350,RUS
430,201511,9,33,AUS
431,201912,66,356,USA
432,201602,1,4,SWE
433,201609,1,10,NOR
434,202012,3,14,MDV
435,201508,7,25,IRL
436,201704,9,34,BGD
437,201812,19,105,HUN
438,201506,2,6,IND
439,201809,8,42,EGY
440,201501,1,6,DEU
441,201903,42,285,GBR
442,201903,7,34,BEL
443,201901,7,30,PAN
444,201601,5,20,ESP
445,202003,2,10,ALB
446,202003,8,46,LTU
447,201705,2,20,COL
448,201910,33,125,DEU
449,201606,230,1019,CHN
450,201606,7,55,NOR
451,201709,9,54,FIN
452,202001,3,10,PRT
453,201905,2,13,CAN
454,201606,2,8,AUT
455,201606,3,15,MDV
456,201710,1,10,ZAF
457,201910,3,30,TUR
458,202005,4,18,EST
459,202005,2,10,NOR
460,202007,3,7,MMR
461,202008,8,38,FRA
462,202008,2,10,ITA
463,202009,6,30,FRA
464,201611,64,394,RUS
465,201611,14,46,CHE
466,201608,66,215,DEU
467,201610,39,175,BLR
468,201510,5,20,IDN
469,201711,24,145,RUS
470,201601,153,621,POL
471,201803,76,352,RUS
472,201505,8,23,LVA
473,201509,89,411,USA
474,201507,20,167,CZE
475,201611,2,10,ARM
476,201701,45,185,UKR
477,201803,18,57,ITA
478,201509,8,50,CYP
479,201603,11,44,SDN
480,201603,2,10,FIN
481,201811,3,10,FJI
482,201509,5,38,NLD
483,201707,4,14,PSE
484,201503,4,10,KEN
485,201502,2,2,WST
486,201708,4,40,VEN
487,201912,4,40,CHN
488,201504,3,27,BEL
489,201901,813,5373,
490,202012,1,9,ARE
491,201702,2,12,CHL
492,201911,38,165,UKR
493,201705,2,8,KOR
494,201903,4,20,KWT
495,201711,2,4,TUR
496,201907,5,30,CAN
497,201806,6,24,CAN
498,201810,6,20,ISL
499,201611,2,20,SEN
500,202011,5,13,ITA
501,201901,4,12,IND
502,201907,1,2,IDN
503,201905,37,198,EUR
504,201910,2,8,LTU
505,201910,3,20,KOR
506,202003,2,2,TUR
507,202010,99,485,UKR
508,202010,2,5,CHE
509,201605,1,10,KEN
510,201909,2,10,KOR
511,201808,1,1,SGP
512,201910,12,60,NGA
513,201707,1,10,CHL
514,201912,14,21,SVK
515,201812,3,10,IDN
516,202006,6,33,BLR
517,202007,3,20,FRA
518,201611,3,18,IRL
519,201708,1,10,AZE
520,201803,111,593,UKR
521,201508,169,1003,UKR
522,201512,84,554,GBR
523,201802,1,8,NPL
524,201602,42,229,SVK
525,201703,313,1220,GBR
526,201604,10,82,HUN
527,201503,3,30,BGR
528,201705,4,22,AFR
529,201705,8,26,KAZ
530,201505,28,102,FRA
531,201609,100,502,UKR
532,201612,1,8,LUX
533,201611,3,20,URY
534,201707,2,20,RWA
535,201609,7,26,SEN
536,201504,2,8,SGP
537,201512,4,5,NLD
538,201806,43,229,UKR
539,201811,2,8,SVK
540,201702,1,10,GIN
541,202003,1,8,VEN
542,201610,2,10,IRQ
543,201705,1,10,BRA
544,201512,5,28,TUR
545,201608,13,50,TUR
546,201902,5,14,OMN
547,201902,1,1,SYR
548,201908,1,10,CUB
549,201910,5,18,LVA
550,201606,2,20,HRV
551,201903,3,10,ISL
552,202010,4,30,GRC
553,201909,4,17,NZL
554,201709,1,15,THA
555,201509,1,3,LBY
556,201803,2,10,AFG
557,201706,2,19,UGA
558,202003,1,6,COD
559,201607,5,24,IDN
560,201902,4,20,LKA
561,201811,2,2,RWA
562,202004,2,6,SVK
563,202005,20,113,EUR
564,202007,1,10,EGY
565,201608,51,263,RUS
566,201608,9,55,SVK
567,201702,82,552,EUR
568,201707,144,536,GBR
569,201805,1,10,PRT
570,201711,15,41,SWE
571,201803,3,6,CHN
572,201704,2,8,PER
573,201709,10,50,BGR
574,201611,5,27,KWT
575,201605,16,49,CAN
576,201510,29,96,FRA
577,201505,5,23,SWE
578,201706,4,22,ESP
579,201509,9,41,ITA
580,201711,3,12,BLR
581,202001,759,5046,
582,201603,7,41,ITA
583,201609,1,10,FIN
584,201604,2,7,ZAF
585,201707,2,4,NGA
586,202002,5,38,ESP
587,201507,1,8,AUS
588,201712,23,88,DEU
589,201612,18,77,LTU
590,201803,2,15,PAK
591,201605,12,42,BLR
592,201911,599,4516,
593,201901,8,35,CHN
594,201806,11,80,BLR
595,201512,2,13,AUT
596,201903,89,417,POL
597,201909,2,2,AGO
598,201906,10,32,CHN
599,201806,1,8,ARG
600,201902,166,571,POL
601,201607,74,395,GBR
602,201512,4,8,BRB
603,201610,7,14,AZE
604,201807,4,16,AFR
605,201807,3,9,ZAF
606,201703,2,10,SYR
607,201812,13,47,NGA
608,201812,16,64,SVK
609,201508,1,2,LBY
610,201709,2,12,BRA
611,201502,1,10,IRN
612,202012,1,10,AFR
613,201706,2,10,MUS
614,201904,1,10,NGA
615,201811,4,10,SEN
616,202004,17,95,UKR
617,202007,4,21,WST
618,202008,11,25,BEL
619,201610,2,4,KHM
620,201711,6,34,EGY
621,201801,76,400,UKR
622,201805,17,76,SVK
623,201805,6,26,AUS
624,201710,15,62,BGR
625,201704,8,28,AUS
626,201807,36,210,DEU
627,201505,4,8,OMN
628,201602,55,217,UKR
629,201505,8,56,ESP
630,201506,26,129,BEL
631,201801,6,19,PAK
632,201610,1,10,DNK
633,201706,4,30,BLR
634,201810,3,26,CHE
635,201804,35,166,HUN
636,201904,5,22,WST
637,201604,1,10,AUS
638,201909,17,32,LTU
639,201811,2,10,TWN
640,201806,72,305,USA
641,201806,28,141,BEL
642,201510,2,10,AGO
643,201706,1,20,KEN
644,201807,2,10,SYR
645,201601,2,7,JPN
646,201603,1,2,DZA
647,201612,1,5,CHN
648,201909,4,18,BRA
649,202003,2,6,IDN
650,201909,13,34,DNK
651,201609,5,15,SWE
652,201603,1,10,PRK
653,201902,7,50,WST
654,201709,2,10,GRC
655,201804,2,10,NGA
656,201910,7,46,LUX
657,201902,2,10,MEX
658,201809,2,5,NLD
659,201910,3,30,CYP
660,201905,1,2,AFG
661,202006,6,32,HUN
662,202008,14,56,THA
663,201611,2,20,AUT
664,201611,12,54,SWE
665,201701,3,10,LBY
666,201801,20,86,GBR
667,201805,14,40,DNK
668,201805,7,32,WST
669,201804,30,173,GBR
670,201804,12,101,TUR
671,201704,1,10,IRN
672,201802,1,20,NOR
673,201503,2,10,MNG
674,201609,58,340,USA
675,201707,14,84,BGR
676,201808,3,20,BLR
677,201806,878,6187,
678,201706,37,85,CHN
679,201601,1,8,TUN
680,202002,27,164,EUR
681,201701,1,8,IND
682,201911,4,18,ITA
683,201601,2,20,SWE
684,201711,1,2,PAK
685,201612,2,10,DNK
686,201901,89,337,ITA
687,201904,12,60,ITA
688,201812,12,53,ITA
689,201909,1,4,COL
690,201504,3,10,MOZ
691,201804,2,2,KOR
692,201804,5,48,ITA
693,201903,3,18,MEX
694,201902,2,2,NMR
695,201909,1,3,MDV
696,201607,4,8,KOR
697,201508,2,8,UZB
698,201512,1,2,NMR
699,201612,2,10,PRT
700,201909,2,8,KAZ
701,201906,4,4,ISR
702,202002,2,4,BGR
703,201606,24,96,IDN
704,201710,4,14,PRK
705,201506,2,8,SYR
706,201607,1,4,NMR
707,201808,2,5,GUY
708,201802,2,20,SGP
709,202001,1,6,ZAF
710,202005,11,29,LTU
711,202007,11,37,LVA
712,202008,3,36,ESP
713,201908,236,963,USA
714,201701,45,297,EUR
715,201610,2,20,AUT
716,201709,3,10,SAU
717,201705,841,6178,
718,201711,8,25,IRL
719,201805,4,24,BRA
720,201709,1,10,MDV
721,201710,7,23,LVA
722,201710,36,125,USA
723,201710,6,20,CHN
724,201511,5,22,ITA
725,201803,11,25,LVA
726,201807,16,44,BEL
727,201802,11,23,AUT
728,201805,8,65,BGR
729,201803,7,32,MEX
730,201507,63,219,USA
731,201803,5,24,NOR
732,201610,11,60,SEN
733,201810,63,286,UKR
734,202001,13,58,BLR
735,201702,4,10,HRV
736,201505,17,80,WST
737,201509,18,57,IRN
738,201502,1,4,COL
739,201507,2,8,MDA
740,201504,9,21,IRL
741,201705,73,366,FRA
742,201811,5,18,VAT
743,201509,3,10,BGD
744,201603,1,10,SRB
745,201812,28,105,CZE
746,201808,28,82,DEU
747,201910,87,365,POL
748,201912,4,20,GRC
749,201809,3,5,KOR
750,201505,4,12,DNK
751,201506,3,10,ALB
752,201911,6,30,CZE
753,201612,2,10,SRB
754,201902,20,82,CZE
755,201902,186,750,USA
756,201606,12,72,SWE
757,202003,12,68,HUN
758,201906,8,34,IRL
759,202002,1,2,IRL
760,201901,4,8,ARM
761,201903,1,10,TUR
762,201902,5,14,SAU
763,201911,1,4,VNM
764,201808,2,4,BEL
765,201607,7,58,TKM
766,201808,2,8,QAT
767,201606,6,60,HUN
768,201507,1,10,TUN
769,202005,4,20,VEN
770,202008,1,1,ISR
771,202009,5,20,LVA
772,201511,133,492,POL
773,201801,10,30,CZE
774,201710,11,38,BEL
775,201706,82,415,EUR
776,201612,3,18,MEX
777,201603,1,10,ESP
778,201503,29,150,GRC
779,201803,1,6,SRB
780,201602,124,691,GBR
781,201505,21,86,LTU
782,201803,8,38,PRT
783,201801,3,16,NLD
784,201506,3,22,VAT
785,201711,1,8,THA
786,201811,132,482,POL
787,201509,12,62,BGR
788,201501,5,25,USA
789,201612,5,30,CUB
790,201811,2,18,IRN
791,201502,3,10,EST
792,201806,4,26,ITA
793,201606,1581,11297,
794,201807,1,20,ARM
795,201808,4,20,KAZ
796,201610,2,10,DMA
797,201908,75,302,RUS
798,201706,1,1,TUR
799,201712,23,81,JPN
800,201809,5,28,BRA
801,201809,27,146,LTU
802,201804,1,10,MEX
803,201903,85,450,RUS
804,201909,9,29,IRL
805,202011,347,2291,
806,202011,165,842,HUN
807,201708,2,10,IDN
808,201901,2,10,BGD
809,201606,95,462,GBR
810,201903,1,4,PER
811,201505,2,30,ISL
812,201807,2,18,COL
813,202004,1,5,TWN
814,201908,2,8,MEX
815,201910,3,8,CAN
816,201911,2,10,COL
817,201712,1,10,ECU
818,202006,2,10,EST
819,202008,11,42,LBN
820,202008,1,2,IRL
821,201511,67,309,USA
822,201608,7,30,CHE
823,201701,933,6455,
824,201702,23,112,RUS
825,201805,24,93,DEU
826,201801,10,64,LTU
827,201709,6,35,ARM
828,201612,5,42,SYR
829,201704,11,48,EGY
830,201506,31,129,CHN
831,201803,23,85,MKD
832,201812,96,310,POL
833,201503,10,31,LVA
834,201505,35,178,RUS
835,201601,1,2,MNG
836,201510,3,10,PER
837,201509,5,31,AUS
838,201609,66,288,HUN
839,201605,5,18,IDN
840,201909,1,10,CAN
841,202012,5,30,FRA
842,201806,6,10,FIN
843,202012,7,38,LTU
844,201706,1,2,VAT
845,201504,6,24,HUN
846,201808,37,256,UKR
847,201911,23,120,EUR
848,202003,2,22,ESP
849,201701,3,30,BGR
850,201907,3,9,CHL
851,201712,6,31,PRK
852,201804,6,40,CUB
853,201902,234,778,ISR
854,201809,1,2,KGZ
855,201911,1,4,CAN
856,201909,7,60,MKD
857,201910,59,647,GBR
858,201802,2,8,HRV
859,201608,3,10,EST
860,201902,13,44,QAT
861,201808,1,10,ARG
862,201809,4,10,LVA
863,201901,1,10,PSE
864,201607,5,27,IRQ
865,201805,2,2,CHL
866,201712,1,10,MLT
867,201810,1,10,SYR
868,201906,1,10,BRA
869,202004,19,116,USA
870,202007,13,83,GBR
871,202008,32,183,RUS
872,202003,43,174,GBR
873,201702,27,86,HUN
874,201710,33,184,FRA
875,201510,87,481,USA
876,201704,1,1,ISL
877,201505,3,10,NGA
878,201801,3,6,NOR
879,201801,4,15,GRC
880,201504,6,15,CHE
881,201811,44,262,RUS
882,201506,1,4,NGA
883,201905,1,3,AZE
884,201602,3,14,DZA
885,201604,1,10,SYR
886,202012,21,120,UKR
887,201712,5,19,AUT
888,201701,2,2,NGA
889,201806,8,25,DNK
890,201908,2,10,MYS
891,201806,13,42,AUT
892,202002,1,10,ARG
893,201906,33,152,DEU
894,202005,1,2,BEL
895,201509,2,10,ARG
896,201609,2,10,MLT
897,201906,11,41,EGY
898,201712,1,10,VAT
899,201506,2,10,MEX
900,201710,4,20,AFR
901,201512,1,8,VEN
902,201902,4,10,ARE
903,201607,1,2,MEX
904,201505,1,8,IRL
905,201501,1,2,POL
906,201905,5,18,EST
907,201606,4,18,KWT
908,201707,1,10,MCO
909,201611,1,4,IND
910,202006,9,34,WST
911,201711,2,10,TZA
912,201803,201,754,POL
913,201612,103,557,UKR
914,201705,2,4,ARG
915,201506,19,91,LVA
916,201504,5,40,LUX
917,201812,62,313,UKR
918,201801,5,15,WST
919,201508,43,243,CZE
920,201810,18,73,BEL
921,201505,13,72,BLR
922,201701,22,56,ISR
923,201912,2,5,CAN
924,201505,3,13,CYP
925,201512,1,4,MEX
926,201707,2,5,ARM
927,201703,5,42,IRL
928,201904,19,64,HUN
929,201712,2,14,ESP
930,201603,6,37,AUT
931,201710,6,16,NLD
932,201808,19,103,EUR
933,201612,6,28,IRN
934,201809,27,106,DEU
935,201503,1,2,TKM
936,201608,1,10,EGY
937,201503,2,20,LUX
938,201904,4,20,AUS
939,201909,3,5,NLD
940,201608,4,17,VAT
941,201809,4,14,ESP
942,201501,1,10,KEN
943,201912,1,7,HRV
944,201908,12,38,BEL
945,201906,8,37,WST
946,201710,3,10,HRV
947,201810,1,10,BGR
948,202003,1,8,SAU
949,201909,5,17,SWE
950,201609,1,5,CHE
951,201702,7,30,IRQ
952,201702,2,20,TUR
953,201602,1,10,IRN
954,201904,3,23,JPN
955,201708,2,8,PRT
956,201812,5,28,IRL
957,201712,2,14,SWE
958,201801,3,30,TWN
959,201712,5,15,VNM
960,202003,13,59,ITA
961,202008,58,269,DEU
962,202008,4,5,CAS
963,202009,2,10,DZA
964,201611,12,46,WST
965,201704,2,5,SGP
966,201602,56,298,USA
967,201703,84,445,DEU
968,201703,3,14,MDA
969,201708,5,30,IRL
970,201610,15,66,WST
971,201702,4,7,LVA
972,201507,15,56,IRL
973,201505,166,801,POL
974,201710,7,21,CAN
975,201803,108,574,USA
976,201704,3,40,ITA
977,201704,1,10,MNG
978,201709,2,6,EGY
979,201510,29,92,CHN
980,201505,127,663,UKR
981,201705,72,326,USA
982,201705,4,20,BLR
983,201605,38,160,DEU
984,201505,2,4,LUX
985,201601,15,54,NOR
986,201512,11,46,BEL
987,201602,12,50,ESP
988,201504,11,65,CHN
989,201612,7,32,ESP
990,201708,8,24,EGY
991,201609,1,10,COL
992,201712,159,734,POL
993,201704,2,12,CYP
994,201907,2,2,MKD
995,201906,5,20,ESP
996,201906,7,91,FIN
997,201805,2,10,AFR
998,201908,3,9,PAK
999,201712,2,10,TWN
1000,201910,3,18,ISR
1001,201606,13,72,DNK
1002,201606,17,68,BGR
1003,201812,2,5,NOR
1004,202010,4,10,TCD
1005,201910,3,30,KEN
1006,201608,3,20,VNM
1007,201607,7,36,PRT
1008,201808,2,10,GRC
1009,201607,1,6,MUS
1010,201607,4,8,NZL
1011,201905,1,20,TJK
1012,201905,3,14,BLR
1013,201606,8,36,IRQ
1014,201606,4,8,COD
1015,201707,1,6,LKA
1016,201807,2,5,TWN
1017,201612,4,8,COG
1018,201810,5,28,LBN
1019,202004,27,115,RUS
1020,202007,3,10,NGA
1021,202006,3,5,AUS
1022,202007,1,10,AZE
1023,202008,33,92,CZE
1024,202009,27,154,UKR
1025,202009,3,15,NLD
1026,201608,42,195,USA
1027,201708,10,70,CHN
1028,201708,2,6,LVA
1029,201610,27,103,DEU
1030,201709,75,325,DEU
1031,201609,29,129,FRA
1032,201711,2,12,PAN
1033,201710,2,4,IRL
1034,201802,29,133,GBR
1035,201803,11,47,IRL
1036,201506,65,516,EUR
1037,201602,111,393,POL
1038,201807,41,209,RUS
1039,201703,59,336,HUN
1040,201703,8,30,BLR
1041,201510,10,26,ITA
1042,201512,28,216,LVA
1043,201803,26,186,LUX
1044,202001,17,88,GBR
1045,202001,3,12,EST
1046,201512,3,50,MAR
1047,201503,1,10,OMN
1048,201508,6,26,ARM
1049,201512,14,117,WST
1050,201510,5,19,JPN
1051,202002,2,10,CHE
1052,201611,1,2,MLT
1053,201507,3,10,PER
1054,201504,3,20,AUT
1055,201807,2,17,ARG
1056,201812,2,4,ARM
1057,201807,3,17,MKD
1058,201808,8,29,HUN
1059,201601,1,2,SYR
1060,201608,1,10,LUX
1061,201510,2,12,GRC
1062,201809,4,20,VNM
1063,201903,7,42,JPN
1064,201508,2,12,MCO
1065,201503,1,10,SAU
1066,201906,3,18,AFR
1067,202009,3,10,AUT
1068,201609,9,25,CAN
1069,201710,1,7,KAZ
1070,201809,1,10,VAT
1071,201803,1,6,NMR
1072,201607,1,2,VNM
1073,201909,1,10,MAR
1074,201504,2,10,ETH
1075,201701,1,7,COL
1076,201904,2,2,AZE
1077,201809,2,10,SSD
1078,201910,2,9,AUS
1079,201607,2,2,PAK
1080,201605,4,6,LVA
1081,201905,1,6,JOR
1082,202001,1,10,LBY
1083,201507,1,8,AFR
1084,201705,22,112,SGP
1085,201903,2,8,ALB
1086,201810,2,5,AGO
1087,201810,1,4,VEN
1088,201810,12,35,TZA
1089,201711,2,8,HRV
1090,201810,1,10,AUT
1091,202006,22,98,SVK
1092,202007,4,12,CAN
1093,202008,126,521,USA
1094,201608,48,217,FRA
1095,201608,1,2,PAK
1096,201707,2,20,PAN
1097,201801,12,57,LUX
1098,201702,2,6,AZE
1099,201512,4,20,AFG
1100,201603,99,517,TUR
1101,201812,8,36,AUS
1102,201511,14,107,BEL
1103,202001,23,104,FRA
1104,202001,56,162,DEU
1105,202001,28,159,EUR
1106,201908,4,20,CHE
1107,201908,3,20,TUR
1108,201605,4,58,CHE
1109,201904,10,33,BEL
1110,201707,14,70,WST
1111,201510,1,4,VAT
1112,201503,2,3,KAZ
1113,201504,1,10,DZA
1114,201701,9,21,HUN
1115,201909,1,2,BTN
1116,201707,2,12,CHE
1117,201503,2,4,ECU
1118,201801,2,10,KGZ
1119,201706,8,47,AZE
1120,201907,11,68,ARM
1121,201711,1,6,SEA
1122,201911,9,37,ISR
1123,201810,9,41,IRL
1124,201606,2,2,MLT
1125,201901,11,24,SYR
1126,201812,16,132,IRN
1127,201811,2,12,NMR
1128,201606,138,826,EUR
1129,202010,6,27,GBR
1130,202010,14,81,BLR
1131,201808,13,44,CHN
1132,201607,13,76,BLR
1133,201609,4,29,PRT
1134,201504,1,10,TUN
1135,201505,1,5,KOR
1136,201901,1,1,KWT
1137,202012,2,10,TUR
1138,201903,2,10,ARG
1139,201912,3,10,LVA
1140,201607,2,10,CUB
1141,201612,1,8,AGO
1142,201905,1,10,MHL
1143,202004,1,2,KHM
1144,202005,4,17,FRA
1145,202006,2,10,TWN
1146,202008,39,178,UKR
1147,202008,2,10,NGA
1148,201702,18,62,EST
1149,201610,21,124,ESP
1150,201801,78,380,USA
1151,201805,4,16,CAN
1152,201805,21,106,FRA
1153,201702,14,69,CZE
1154,201604,56,529,WST
1155,201512,35,155,RUS
1156,201601,81,591,UKR
1157,201512,6,10,ESP
1158,201503,66,350,EUR
1159,201604,12,42,BEL
1160,201505,8,21,BRA
1161,201810,2,8,UZB
1162,201503,9,19,ESP
1163,201906,8,27,IRN
1164,201905,119,473,USA
1165,201612,6,34,BEL
1166,201507,3,20,MKD
1167,201807,8,40,ESP
1168,201912,3,6,SWE
1169,201711,7,44,IRQ
1170,201806,6,21,CHE
1171,201904,4,7,LUX
1172,201811,10,117,AUT
1173,201705,3,10,AUT
1174,201712,2,11,NOR
1175,201905,3,22,SAU
1176,201504,1,5,NZL
1177,201908,2,8,NGA
1178,201709,8,28,HRV
1179,201910,2,20,ESP
1180,201812,6,22,WST
1181,201809,4,46,IRL
1182,201810,8,31,LTU
1183,201601,1,2,BLR
1184,201905,1,6,LVA
1185,201910,3,10,TJK
1186,201602,2,14,BRA
1187,202004,2,20,BEL
1188,202006,64,303,DEU
1189,202006,1,6,ARG
1190,202007,79,265,USA
1191,202007,1,20,SYR
1192,202008,2,20,WST
1193,201707,4,12,ESP
1194,201801,42,184,BEL
1195,201610,11,40,TUR
1196,201711,5,18,CHL
1197,201711,11,52,BEL
1198,201710,1,10,JOR
1199,201703,15,61,ESP
1200,201601,15,79,CZE
1201,201601,5,20,CHN
1202,201612,5,12,LVA
1203,201812,17,57,NLD
1204,201610,8,52,LVA
1205,201810,6,29,LUX
1206,201706,12,59,MKD
1207,201811,2,2,BGD
1208,201502,27,106,POL
1209,201904,95,280,POL
1210,201512,2,10,MLT
1211,201911,4,30,BEL
1212,201909,120,422,POL
1213,201707,2,3,AFG
1214,202012,7,38,RUS
1215,201904,3,10,CHE
1216,201701,2,2,NOR
1217,201801,1,10,MEX
1218,201806,7,45,NLD
1219,202012,1,2,EGY
1220,201706,13,47,SWE
1221,201908,11,36,HUN
1222,201907,31,93,DEU
1223,201907,3,4,BLR
1224,201705,6,28,CAN
1225,201806,6,40,PAN
1226,201612,3,18,PER
1227,201810,2,5,LKA
1228,201810,2,26,BRA
1229,201901,11,56,BRA
1230,202012,1,4,ALB
1231,201606,74,337,USA
1232,201909,2,4,GRC
1233,201808,7,23,FRA
1234,201606,22,105,BEL
1235,201812,1,10,IND
1236,202010,2,10,IDN
1237,201808,5,20,EST
1238,201608,1,3,BEL
1239,201909,3,10,EST
1240,201904,4,20,ESP
1241,202010,2,6,PAK
1242,201710,2,14,PSE
1243,201910,1,5,TGO
1244,201903,3,10,CHE
1245,201912,2,20,BHS
1246,202004,1,4,DMA
1247,202005,2,4,LUX
1248,202006,17,78,HRV
1249,202007,9,40,GRC
1250,202007,2,10,NLD
1251,201702,17,67,FRA
1252,201709,30,140,HUN
1253,201711,11,24,LTU
1254,201804,9,40,CZE
1255,201612,3,14,TUN
1256,201509,2,10,BDI
1257,201807,15,49,GBR
1258,201709,2,7,LBY
1259,201611,2,4,TUR
1260,201807,8,46,CHN
1261,201510,44,220,BGR
1262,201502,13,53,JPN
1263,201505,20,100,SYR
1264,201609,208,949,POL
1265,201511,3,22,SAU
1266,201503,15,84,DNK
1267,201603,4,6,CHE
1268,201707,3,14,MEX
1269,201809,39,284,EUR
1270,201705,15,116,MEX
1271,201612,6,15,SWE
1272,201601,3,10,CHL
1273,201811,2,10,LVA
1274,201708,18,121,WST
1275,201504,1,8,MKD
1276,201902,29,87,BEL
1277,202010,3,30,FRA
1278,201806,1,10,SYR
1279,201807,23,84,ISR
1280,201912,1,10,CUB
1281,201709,2,30,ARG
1282,202002,3,10,EST
1283,201804,2,4,CHE
1284,201902,3,20,VEN
1285,201708,3,20,HRV
1286,201608,1,10,PRT
1287,201603,1,10,SYR
1288,201612,3,10,SGP
1289,201905,5,16,SWE
1290,201705,2,30,MCO
1291,201507,2,20,DNK
1292,201503,1,10,DOM
1293,202008,2,5,NOR
1294,202008,1,10,AFG
1295,201611,17,74,GRC
1296,201702,24,64,IRL
1297,201707,28,93,FRA
1298,201702,9,38,GRC
1299,201801,5,9,SVK
1300,201506,62,316,UKR
1301,201805,2,5,MLT
1302,201601,151,530,DEU
1303,201602,85,632,EUR
1304,201801,5,15,JOR
1305,201509,6,20,IRL
1306,201503,5,30,VEN
1307,201609,70,374,SVK
1308,201904,3,10,SEA
1309,201612,9,43,GRC
1310,201503,1,2,VNM
1311,201912,4,20,AZE
1312,201506,8,38,HUN
1313,201610,5,10,SAU
1314,201605,26,132,UKR
1315,201503,3,13,HUN
1316,201504,2,20,ISL
1317,201901,63,295,USA
1318,201808,8,16,NOR
1319,201604,4,30,NLD
1320,201910,128,716,USA
1321,201605,3,20,SYR
1322,201705,7,42,QAT
1323,201811,4,20,AUS
1324,201903,44,114,HUN
1325,201810,1,4,MMR
1326,201507,10,41,ARM
1327,201504,2,24,BHR
1328,201611,2,20,PER
1329,201609,8,35,LTU
1330,201901,2,10,URY
1331,201812,3,11,CHE
1332,202010,6,20,LVA
1333,202012,1,3,EST
1334,201904,1,8,AFR
1335,202003,2,6,MYS
1336,201705,3,20,MDA
1337,201711,1,10,ETH
1338,202004,13,96,EUR
1339,202005,10,26,HUN
1340,202006,2,3,IRL
1341,201908,129,367,POL
1342,202008,2,16,BRA
1343,202009,13,57,CZE
1344,201612,34,215,CZE
1345,201702,90,357,USA
1346,201703,14,64,WST
1347,201801,64,455,EUR
1348,201709,1,10,SRB
1349,201709,3,20,MEX
1350,201710,50,331,EUR
1351,201802,3,24,EGY
1352,201612,1,8,CYP
1353,201511,27,153,EGY
1354,201505,11,30,EST
1355,201703,3,14,AUS
1356,201803,2,7,SYR
1357,201504,44,192,CZE
1358,201506,68,248,DEU
1359,201508,92,443,USA
1360,201509,77,693,EUR
1361,201803,3,6,MLT
1362,201504,2,10,COG
1363,201702,1,10,ECU
1364,201604,18,90,GBR
1365,201508,8,28,AUT
1366,202002,11,43,BLR
1367,201707,4,20,CAN
1368,201509,7,26,GRC
1369,201508,3,15,ISR
1370,201908,3,10,MLT
1371,201604,1,10,ESP
1372,201704,3,10,FIN
1373,201903,71,297,USA
1374,201505,2,4,FIN
1375,201903,6,36,UKR
1376,201911,3,32,BRA
1377,201607,18,71,EST
1378,201905,6,27,KOR
1379,201705,5,8,UGA
1380,201812,2,2,VAT
1381,201812,1,5,MAR
1382,202012,2,6,ARG
1383,202010,58,211,POL
1384,201808,4,30,EGY
1385,201607,8,26,CZE
1386,201805,1,8,MKD
1387,201810,1,4,MKD
1388,201602,1,4,BOL
1389,202004,13,60,CZE
1390,202006,3,14,TUR
1391,201611,83,284,DEU
1392,201704,2,6,IRL
1393,201703,25,106,SVK
1394,201805,19,141,RUS
1395,201709,2,10,ECU
1396,201802,1001,6858,
1397,201803,24,141,BEL
1398,201710,25,99,LTU
1399,201509,85,296,SVK
1400,201612,107,445,USA
1401,201510,11,85,BLR
1402,201807,18,80,LTU
1403,201709,1,2,AZE
1404,201504,97,500,RUS
1405,201511,7,28,SWE
1406,201510,41,199,UKR
1407,201604,2,4,KOR
1408,201711,2,4,KOR
1409,201503,9,39,TUN
1410,201810,6,32,DNK
1411,201512,10,27,ITA
1412,201804,7,22,PER
1413,201602,8,108,MEX
1414,201503,8,17,NLD
1415,201511,3,8,IDN
1416,201711,1,8,AGO
1417,201712,9,45,FRA
1418,202012,8,54,ISR
1419,201502,5,16,HUN
1420,201703,4,7,PAK
1421,201912,7,40,LUX
1422,201509,3,10,KWT
1423,201705,3,10,JOR
1424,201806,4,20,LUX
1425,201712,2,10,BGD
1426,201612,1,1,NLD
1427,201607,86,305,ITA
1428,201502,3,6,PAK
1429,201609,3,10,KEN
1430,202011,6,25,CZE
1431,202012,4,12,WST
1432,201807,4,20,LVA
1433,201710,1,5,ISL
1434,201810,1,4,COL
1435,201807,2,10,SRB
1436,201909,1,4,MYS
1437,202001,1,8,AUS
1438,201903,2,6,CAN
1439,201907,1,10,PAN
1440,202004,2,10,LUX
1441,201811,4,20,KEN
1442,201907,1,10,ITA
1443,201901,2,8,ESP
1444,201503,1,4,IRL
1445,202004,454,3483,
1446,202003,53,195,POL
1447,201906,52,248,RUS
1448,202009,3,17,CAN
1449,201608,991,6882,
1450,201608,13,96,WST
1451,201702,1,10,AUS
1452,201708,43,160,DEU
1453,201610,44,253,UKR
1454,201711,17,66,HUN
1455,201709,4,37,ESP
1456,201805,7,25,LVA
1457,201710,122,838,UKR
1458,201612,20,88,RUS
1459,201504,22,242,NLD
1460,201509,16,112,TUR
1461,201508,8,52,WST
1462,201602,25,71,BLR
1463,201509,6,30,ETH
1464,201801,3,10,PRT
1465,201712,937,6683,
1466,201509,2,10,DNK
1467,201702,3,10,SWE
1468,201811,28,137,DNK
1469,201505,2,2,MUS
1470,201810,14,128,MDA
1471,201905,29,149,RUS
1472,201511,1,2,LBN
1473,201601,4,60,BRA
1474,201708,3,10,MEX
1475,201610,3,8,IRL
1476,201707,3,8,TUR
1477,201703,23,104,EGY
1478,202002,1,10,GRC
1479,201901,11,76,AFR
1480,201801,7,40,CAN
1481,201812,3,13,CHN
1482,201604,5,20,ISR
1483,201911,4,25,FRA
1484,201809,4,24,TJK
1485,201904,3,6,SAU
1486,201809,6,40,CAN
1487,201703,3,5,KOR
1488,201902,25,110,BLR
1489,201506,2,12,PSE
1490,201907,12,74,MDA
1491,201707,12,180,LUX
1492,201809,5,58,BLR
1493,201906,5,27,PRT
1494,202010,2,10,ESP
1495,201809,1,4,SGP
1496,201512,1,10,AUS
1497,201909,4,13,PAK
1498,201605,1,10,ARG
1499,201809,2,10,ECU
1500,201903,1,2,CIV
1501,201802,2,4,VNM
1502,201906,2,14,COL
1503,201705,7,19,TUN
1504,201705,1,10,MKD
1505,201711,1,8,CMR
1506,201607,2,10,DOM
1507,201912,4,8,IND
1508,202007,16,72,CZE
1509,202007,3,10,KOR
1510,201611,7,60,TUN
1511,201703,201,866,POL
1512,201701,91,345,USA
1513,201801,2,10,AUT
1514,201706,155,842,DEU
1515,201802,20,70,SYR
1516,201805,6,50,LUX
1517,201512,1,10,NGA
1518,201506,16,70,WST
1519,201610,1,10,MYS
1520,201504,9,49,WST
1521,202001,4,13,SAU
1522,201908,77,243,DNK
1523,201506,2,2,IRN
1524,201502,3,5,NLD
1525,201510,3,10,KOR
1526,201912,9,53,GBR
1527,202012,5,15,CHN
1528,201509,10,80,BRA
1529,201503,6,60,TWN
1530,201808,3,12,AUT
1531,201910,51,231,UKR
1532,201911,16,79,GBR
1533,201611,2,8,AGO
1534,201612,7,23,EST
1535,201501,3,15,
1536,201509,4,20,KAZ
1537,201904,2,10,DNK
1538,201903,6,26,NLD
1539,201909,21,71,GBR
1540,201911,4,7,DNK
1541,201804,1,10,NZL
1542,201806,6,30,ESP
1543,201903,2,4,LVA
1544,201801,4,20,AZE
1545,201806,3,16,COL
1546,201703,4,20,NLD
1547,201909,1,2,LKA
1548,201908,1,10,CHN
1549,201606,88,525,WST
1550,201809,2,10,ISL
1551,201804,5,20,LTU
1552,201907,1,4,PHL
1553,202001,2,20,NGA
1554,201812,3,10,BLR
1555,202005,5,17,ARG
1556,202007,23,96,HUN
1557,201608,6,12,FIN
1558,201707,14,118,ITA
1559,201701,32,196,FRA
1560,201804,40,246,EUR
1561,201804,34,203,UKR
1562,201710,2,20,AUT
1563,201612,8,19,FRA
1564,201505,124,527,DEU
1565,201803,3,18,PAN
1566,201605,90,577,EUR
1567,201705,4,9,DNK
1568,201701,15,50,WST
1569,201509,40,162,RUS
1570,201507,3,26,ARG
1571,201702,4,12,CHN
1572,201702,1,2,NGA
1573,201804,29,216,FRA
1574,201707,6,24,MAR
1575,201708,1,10,ARM
1576,201712,60,291,HUN
1577,201504,3,14,AFR
1578,201811,1,4,YEM
1579,201812,1,6,MEX
1580,201603,4,22,AUS
1581,201610,2,20,SYR
1582,201907,18,115,CHN
1583,201612,1,10,BFA
1584,201602,2,8,AFR
1585,201508,1,1,IND
1586,201907,4,13,CHE
1587,201903,4,80,ESP
1588,201810,3,10,EST
1589,201504,2,10,BGR
1590,201701,6,20,PAK
1591,201703,2,2,CHN
1592,202003,2,12,IRL
1593,201510,2,11,SYR
1594,202010,7,20,CZE
1595,201708,7,52,FRA
1596,201907,3,14,GRC
1597,201504,1,10,TCD
1598,201904,3,7,EST
1599,201606,1,2,LBY
1600,201906,1,10,IDN
1601,201611,2,6,AUS
1602,201706,988,7053,
1603,201801,4,32,AFR
1604,201804,100,499,USA
1605,201802,16,75,HUN
1606,201509,29,112,FRA
1607,201605,1178,8557,
1608,201704,6,38,PRT
1609,201703,18,84,FRA
1610,201803,7,32,MDG
1611,201805,2,10,ARM
1612,201705,9,40,LVA
1613,201505,50,184,USA
1614,201812,1,2,PER
1615,201812,3,10,SOM
1616,201604,12,64,TUR
1617,201511,7,14,ISR
1618,201601,4,40,VAT
1619,201510,5,22,LVA
1620,201511,3,30,TGO
1621,201804,9,32,KWT
1622,201506,17,64,DNK
1623,202002,15,59,HUN
1624,201708,3,8,FIN
1625,201512,4,32,ARG
1626,201603,8,36,LTU
1627,201712,13,48,HRV
1628,201806,11,25,SWE
1629,201806,5,17,NOR
1630,201703,14,57,EST
1631,201808,16,48,NZL
1632,201510,3,10,SWE
1633,201904,2,5,NLD
1634,201903,4,20,KOR
1635,201703,3,5,SWE
1636,201911,3,10,BGR
1637,201902,54,192,DEU
1638,201809,2,5,QAT
1639,201607,96,537,EUR
1640,201912,1,4,NOR
1641,202003,3,20,JPN
1642,201904,3,10,QAT
1643,201603,1,2,NMR
1644,202002,1,10,MMR
1645,201910,7,30,BEL
1646,202001,6,22,HUN
1647,202004,2,20,KGZ
1648,202001,9,48,IRN
1649,201901,5,17,JPN
1650,201806,1,10,GRC
1651,201905,4,10,PSE
1652,201905,2,8,FIN
1653,201705,3,10,NOR
1654,201910,2,4,CHE
1655,202007,1,2,IND
1656,202009,44,196,USA
1657,201702,3,6,ESP
1658,201702,2,18,SEN
1659,201711,976,7446,
1660,201711,9,32,ITA
1661,201801,6,16,IND
1662,201805,7,28,COL
1663,201710,2,10,IRN
1664,201803,46,246,GBR
1665,201802,8,32,ESP
1666,201710,2,10,MNG
1667,201802,4,14,AFR
1668,201803,2,15,FIN
1669,201603,21,97,IRN
1670,201608,3,10,COL
1671,201506,7,38,ESP
1672,201509,3,10,KGZ
1673,201507,26,147,RUS
1674,202001,13,51,JPN
1675,201507,12,62,ESP
1676,201604,2,10,PAK
1677,201509,6,10,ERI
1678,201602,7,31,CAN
1679,201803,3,16,WST
1680,201811,2,2,PHL
1681,201706,23,91,DNK
1682,201912,15,60,HUN
1683,201907,3,5,ALB
1684,201612,1,2,AFR
1685,201810,8,28,ISR
1686,202011,1,2,BGD
1687,201612,1,10,MUS
1688,201902,23,86,NOR
1689,201604,2,11,VAT
1690,201812,8,32,BGR
1691,201911,1,1,AUS
1692,201508,1,10,NZL
1693,201906,2,4,ARG
1694,201708,4,40,TUR
1695,201907,3,7,PAK
1696,201808,2,10,DNK
1697,201905,1,8,MDA
1698,201906,1,10,LBN
1699,201812,12,54,PRT
1700,201812,1,2,YEM
1701,202004,3,8,LTU
1702,202005,1,10,FIN
1703,202008,14,37,CHN
1704,201704,33,146,DEU
1705,201702,924,6985,
1706,201703,12,39,ISR
1707,201708,36,266,EUR
1708,201611,5,26,CHN
1709,201711,292,1470,UKR
1710,201506,803,5934,
1711,201509,163,662,POL
1712,201507,33,220,GRC
1713,201704,53,216,MEX
1714,201711,3,4,AUT
1715,201805,5,40,PAN
1716,201601,70,460,WST
1717,201508,27,124,CAN
1718,201605,118,639,WST
1719,201507,27,88,DEU
1720,201601,123,865,EUR
1721,201502,9,38,GBR
1722,201711,1,10,FIN
1723,202001,1,6,LUX
1724,201605,1,6,MDA
1725,201504,10,40,LTU
1726,201612,15,58,BLR
1727,201505,8,36,CHL
1728,202012,1,4,VEN
1729,201712,117,668,UKR
1730,201808,1,10,CAN
1731,201806,3,30,SEN
1732,202012,10,46,ESP
1733,201706,1,2,IND
1734,202001,1,4,NLD
1735,201502,2,10,ISR
1736,201802,2,8,BLR
1737,201802,11,45,GRC
1738,201804,11,96,PAN
1739,201810,6,25,WST
1740,201701,4,20,ZMB
1741,201708,4,38,NOR
1742,201506,1,10,PER
1743,201606,3,15,ARM
1744,202010,10,38,BGR
1745,201910,12,55,BLR
1746,202001,1,10,CAN
1747,201609,3,18,LBN
1748,201907,3,5,UZB
1749,201904,2,3,FIN
1750,201807,3,15,SGP
1751,201806,1,2,ARM
1752,201607,2,4,DNK
1753,201712,1,6,NLD
1754,202010,4,13,SVK
1755,201911,1,9,ARE
1756,201906,1,10,CHL
1757,202006,686,5117,
1758,202006,8,52,CZE
1759,202009,12,42,RUS
1760,201710,61,273,TUR
1761,201504,2,10,MLT
1762,201506,10,50,BLR
1763,201603,12,48,GRC
1764,201506,26,214,CAN
1765,201511,25,104,SVK
1766,201610,23,109,BEL
1767,201510,5,37,IRN
1768,202001,68,358,RUS
1769,201508,13,55,SVK
1770,201509,12,39,BLR
1771,201604,2,2,IRN
1772,201610,22,74,HUN
1773,201509,19,104,SWE
1774,201504,2,17,LVA
1775,201812,10,54,CHL
1776,201807,6,26,FIN
1777,202002,1,10,RWA
1778,201802,3,10,BHS
1779,201907,1,10,THA
1780,201804,11,40,WST
1781,201804,4,13,DZA
1782,201903,5,28,PRT
1783,201911,2,12,SVK
1784,201902,1,5,AFR
1785,201601,4,14,IRL
1786,202003,2,16,SVK
1787,202012,10,30,BGR
1788,201902,48,302,RUS
1789,201605,1,6,MCO
1790,201811,2,8,UZB
1791,201609,5,15,JPN
1792,201905,2,10,MDG
1793,202006,20,58,RUS
1794,202006,11,96,GRC
1795,202007,4,15,BEL
1796,202009,1,10,GRC
1797,201708,5,18,AUT
1798,201708,3,10,CZE
1799,201610,1023,7178,
1800,201711,4,8,HND
1801,201508,10,54,LTU
1802,201507,887,6682,
1803,201504,89,454,USA
1804,201803,11,44,ESP
1805,201604,12,58,BLR
1806,201812,24,131,BEL
1807,201801,1,10,MDV
1808,201506,6,25,NOR
1809,201706,16,68,BEL
1810,201706,2,10,SGP
1811,202001,70,279,ISR
1812,201508,8,12,NLD
1813,202005,1,1,NMR
1814,201602,2,10,MLT
1815,201511,6,52,MKD
1816,201612,1,6,AUT
1817,201708,4,23,AFR
1818,201909,109,455,RUS
1819,201602,7,38,SYR
1820,201611,3,10,DNK
1821,201507,3,17,THA
1822,201504,4,8,VNM
1823,201504,1,10,CAF
1824,201712,9,60,IRL
1825,201807,5,14,SWE
1826,201705,3,10,NZL
1827,201712,5,50,BRA
1828,201503,4,14,ETH
1829,201705,8,54,IDN
1830,201603,1,4,DNK
1831,201709,5,20,LVA
1832,201709,2,2,MYS
1833,201504,2,18,ISR
1834,201808,1,2,PAN
1835,201608,3,22,LBN
1836,202004,4,12,TUR
1837,201712,1,6,PAN
1838,201907,1,10,MCO
1839,201711,2,3,EST
1840,201712,1,10,COL
1841,201807,1,10,UZB
1842,202003,23,110,RUS
1843,201611,4,40,NOR
1844,201611,131,484,USA
1845,201704,19,149,CHN
1846,201608,8,24,DNK
1847,201702,20,101,EGY
1848,201703,102,595,UKR
1849,201709,57,332,EUR
1850,201610,7,25,SRB
1851,201610,1,10,PRT
1852,201804,23,133,RUS
1853,201509,1239,8836,
1854,201710,3,22,WST
1855,201503,778,5482,
1856,201507,3,5,ISR
1857,201801,17,70,PAN
1858,202001,4,28,ITA
1859,201811,15,110,BGR
1860,201510,11,50,TUR
1861,201804,7,22,CIV
1862,201905,11,56,HUN
1863,201603,7,56,CYP
1864,201707,2,2,IRQ
1865,201507,3,27,CAN
1866,201806,5,18,IDN
1867,201807,17,64,HUN
1868,201812,6,24,NZL
1869,201903,4,20,QAT
1870,201909,18,66,HUN
1871,201703,5,15,NOR
1872,201906,7,34,NOR
1873,202011,26,164,EUR
1874,201609,1,10,CHL
1875,201609,3,12,BRA
1876,201709,2,4,SVK
1877,202012,2,10,LUX
1878,201502,2,10,BGR
1879,201510,1,4,GHA
1880,201503,1,5,HRV
1881,201503,1,10,NGA
1882,201810,4,16,VAT
1883,201709,2,10,PAK
1884,201906,3,10,DOM
1885,201712,1,2,TUR
1886,202006,1,10,AZE
1887,202008,12,42,GBR
1888,201611,8,26,LUX
1889,201704,7,32,GRC
1890,201709,10,26,WST
1891,201609,1001,7324,
1892,201804,747,5520,
1893,201702,7,35,AUT
1894,201802,64,236,USA
1895,201504,760,5187,
1896,201706,33,152,FRA
1897,201802,2,18,BRA
1898,201603,59,253,GBR
1899,201805,4,10,SDN
1900,201602,8,33,NOR
1901,201506,4,16,IDN
1902,201508,1,10,URY
1903,201801,15,75,SRB
1904,201810,758,5327,
1905,201702,9,36,AFR
1906,201711,6,28,CAN
1907,201601,8,36,LUX
1908,201510,1,8,CHE
1909,201603,4,8,AZE
1910,201905,7,29,SVK
1911,201511,3,8,DZA
1912,201711,5,43,ARG
1913,201909,11,48,BLR
1914,201609,7,29,AUT
1915,201705,6,32,IRL
1916,201901,38,185,UKR
1917,201510,5,20,ISR
1918,201706,3,14,IDN
1919,201702,4,28,KGZ
1920,202002,5,18,CHN
1921,201812,6,28,JPN
1922,201809,1,1,ARM
1923,201809,7,60,IRN
1924,201711,3,10,KAZ
1925,201902,6,50,EGY
1926,201902,62,328,UKR
1927,201809,6,30,PHL
1928,201610,1,2,VAT
1929,201506,2,14,DOM
1930,201902,9,13,TUR
1931,201704,26,126,MKD
1932,201910,5,28,GRC
1933,201910,5,22,JPN
1934,201605,1,4,PHL
1935,201710,4,9,NOR
1936,201904,2,6,AUT
1937,201910,9,74,ITA
1938,201607,3,9,GMB
1939,201605,5,11,FIN
1940,201711,2,4,DZA
1941,201803,3,5,GRC
1942,202006,2,5,SWE
1943,202007,2,5,AUT
1944,201703,184,1378,EUR
1945,201605,11,47,CZE
1946,201803,50,219,LTU
1947,201803,7,32,HND
1948,201508,8,14,FRA
1949,201503,3,30,IDN
1950,201603,19,108,DEU
1951,201811,9,40,ITA
1952,201505,2,3,CHN
1953,201601,5,90,LVA
1954,201804,11,118,NLD
1955,201608,13,90,BGR
1956,201905,34,161,DEU
1957,201904,9,26,EGY
1958,201604,3,20,PRT
1959,202002,26,96,DEU
1960,201601,7,14,AUS
1961,201708,11,79,BEL
1962,201909,223,1003,USA
1963,201707,3,22,AUS
1964,201712,12,67,WST
1965,201706,4,20,IRL
1966,201508,2,4,PAK
1967,201809,30,101,RUS
1968,201802,16,53,TUR
1969,201603,2,4,PHL
1970,201812,3,20,MDA
1971,201612,1,10,BRA
1972,201906,4,21,LUX
1973,201607,1,10,JOR
1974,201705,2,12,JPN
1975,201703,5,34,QAT
1976,201901,1,10,MDV
1977,202003,2,8,PSE
1978,201801,1,4,EST
1979,201607,4,22,CHN
1980,201908,1,3,SRB
1981,201606,2,4,CAS
1982,202009,34,156,HUN
1983,201704,84,544,GBR
1984,201704,1,8,AZE
1985,201708,7,34,MDA
1986,201709,17,93,LTU
1987,201610,5,30,AUS
1988,201710,10,32,LBY
1989,201802,90,483,UKR
1990,201504,2,12,ESP
1991,201704,21,112,BEL
1992,201503,18,99,CZE
1993,201510,14,62,LKA
1994,201502,1,6,TUN
1995,201506,2,10,ARE
1996,201611,4,26,HRV
1997,201612,1,4,MAR
1998,201612,33,154,GBR
1999,201708,1,10,THA
2000,201504,3,10,CHL
2001,201504,2,12,PRT
2002,201812,10,32,ISR
2003,201603,3,12,ISR
2004,201510,1,10,EGY
2005,201610,2,8,AGO
2006,201809,1,10,CHL
2007,201509,4,9,CAN
2008,201907,2,2,GIN
2009,201903,10,54,AZE
2010,201809,1,1,EST
2011,201910,4,11,NZL
2012,201903,3,14,DNK
2013,201710,2,10,ARG
2014,202004,1,2,MAR
2015,201902,3,6,PRK
2016,201902,2,32,ESP
2017,201811,4,28,LUX
2018,201607,2,10,MDA
2019,201603,1,2,THA
2020,201712,3,10,IRN
2021,201703,1,10,JPN
2022,202011,1,10,BEL
2023,202006,19,88,LTU
2024,202008,37,191,EUR
2025,202009,41,145,LTU
2026,201704,4,26,MAR
2027,201805,7,30,NOR
2028,201805,8,20,BEL
2029,201709,4,13,AUT
2030,201802,4,23,CAN
2031,201804,24,202,ESP
2032,201706,41,200,UKR
2033,201706,39,110,RUS
2034,201807,1,10,AZE
2035,201604,37,160,CZE
2036,201507,2,2,BOL
2037,201803,3,12,CZE
2038,202005,2,4,ESP
2039,201603,40,199,BLR
2040,201802,6,15,ITA
2041,201609,1,2,DNK
2042,201601,5,20,HRV
2043,201707,2,16,SWE
2044,201707,2,18,IRN
2045,201801,2,7,BOL
2046,201706,3,10,IRN
2047,201608,3,9,CUB
2048,201706,2,4,SYR
2049,201704,6,20,KAZ
2050,201911,36,218,RUS
2051,201601,1,8,GRC
2052,201903,11,39,SVK
2053,201802,1,8,SWE
2054,201508,9,32,GRC
2055,201605,6,29,SAU
2056,201506,1,10,BGD
2057,201808,7,22,SVK
2058,201902,2,3,CAN
2059,202002,2,10,VNM
2060,201606,94,349,UZB
2061,201606,20,95,CZE
2062,201807,2,4,MLT
2063,201607,5,7,AUS
2064,201609,7,30,EST
2065,201902,2,5,GRC
2066,201904,3,12,MDA
2067,201908,3,10,GRC
2068,201605,1,5,JOR
2069,201911,1,2,ZAF
2070,201710,3,10,PER
2071,201812,2,12,AFR
2072,201605,1,8,MAR
2073,202003,14,76,EUR
2074,201608,35,222,EUR
2075,201611,2,10,ALB
2076,201702,3,14,AFG
2077,201701,12,53,KAZ
2078,201801,965,6692,
2079,201711,13,54,CZE
2080,201507,33,148,LTU
2081,201502,138,829,UKR
2082,201504,40,146,EST
2083,201508,1,3,HRV
2084,201704,16,104,WST
2085,201503,58,285,USA
2086,201506,8,42,ISR
2087,201511,45,137,CHN
2088,201603,11,35,FRA
2089,201601,3,22,ITA
2090,201904,55,313,EUR
2091,201601,6,25,ISR
2092,201604,1,10,CHE
2093,201603,5,23,ARM
2094,202012,95,568,DEU
2095,201602,3,4,ARM
2096,201510,3,18,PRT
2097,201710,7,36,FIN
2098,201511,4,11,AUT
2099,201707,2,4,GUY
2100,201604,3,18,ARE
2101,201811,1,10,AGO
2102,201612,13,84,HUN
2103,201604,6,36,MKD
2104,201907,9,49,BEL
2105,201510,1,3,NMR
2106,201809,18,56,CHN
2107,201909,1,6,IND
2108,201811,2,11,JPN
2109,201712,1,10,CYP
2110,201903,4,8,IRN
2111,202011,11,28,LTU
2112,201606,124,548,DEU
2113,201812,4,20,ARG
2114,201903,11,50,FRA
2115,201902,1,8,JPN
2116,201910,5,20,BHR
2117,201709,4,8,TTO
2118,201610,2,5,SWE
2119,201805,1,10,VEN
2120,201907,2,10,SWE
2121,201907,2,2,WST
2122,201906,1,10,CAN
2123,201812,5,20,KWT
2124,201905,1,8,JPN
2125,201907,29,186,EUR
2126,202008,2,2,EST
2127,201909,908,6018,
2128,201608,3,4,MDA
2129,201805,166,629,POL
2130,201710,2,5,CRI
2131,201504,39,233,EUR
2132,201807,82,333,USA
2133,201506,1,4,CHL
2134,201511,19,75,CZE
2135,201509,15,48,LVA
2136,201803,2,10,CYP
2137,201507,6,42,AZE
2138,201509,2,10,TJK
2139,201811,4,10,CAN
2140,201603,42,225,RUS
2141,201804,7,22,SWE
2142,201510,3,3,FIN
2143,201605,3,28,MKD
2144,201503,1,10,CHN
2145,201605,10,40,BEL
2146,201609,17,90,WST
2147,202012,66,407,EUR
2148,202012,7,46,BEL
2149,201602,2,4,TUN
2150,201701,15,92,LVA
2151,201701,5,15,DNK
2152,201502,4,10,FRA
2153,201510,2,24,CAN
2154,201508,7,30,CHE
2155,201809,34,193,FRA
2156,201907,11,79,HUN
2157,201612,2,5,MMR
2158,201911,1,6,BHS
2159,201906,23,131,SVK
2160,202010,2,4,AUS
2161,201807,1,10,BOL
2162,201808,2,8,LTU
2163,201709,16,101,KAZ
2164,201811,11,30,NGA
2165,201904,2,5,BGR
2166,201608,1,6,AUT
2167,202003,9,36,ARM
2168,201806,1,6,IND
2169,201811,2,2,AFG
2170,201903,1,3,SYR
2171,201905,1,6,TWN
2172,202007,9,42,ITA
2173,202008,1,8,TUN
2174,201611,2,4,PRT
2175,201802,35,154,LTU
2176,201803,18,87,HUN
2177,201512,40,176,SVK
2178,201704,4,24,IND
2179,201704,3,8,DNK
2180,201807,53,282,EUR
2181,201601,54,193,USA
2182,201510,16,108,WST
2183,201510,57,312,LTU
2184,201705,4,50,FIN
2185,201705,12,54,ITA
2186,201505,2,4,BGR
2187,201506,26,110,RUS
2188,201610,11,62,EST
2189,201508,9,38,ITA
2190,201509,9,36,CHN
2191,201906,63,374,EUR
2192,201904,97,415,USA
2193,201503,3,20,AFR
2194,201512,13,30,CZE
2195,201504,4,4,CAN
2196,201912,37,357,EUR
2197,201502,6,32,DEU
2198,201609,2,10,KOR
2199,201703,12,50,HRV
2200,201811,25,206,HUN
2201,201511,1,5,SEA
2202,201706,4,20,EST
2203,201806,31,127,ISR
2204,201510,1,2,SRB
2205,201804,6,62,SVK
2206,201907,2,10,SGP
2207,201708,25,139,BLR
2208,201810,1,10,DOM
2209,201603,1,10,MDV
2210,201912,3,14,PRT
2211,201609,5,130,CHN
2212,201703,6,40,LTU
2213,202010,14,91,DEU
2214,201709,1,10,JPN
2215,201607,25,90,TUR
2216,201607,4,28,NOR
2217,201902,1,10,LVA
2218,202003,2,6,MEX
2219,201904,2,3,ARM
2220,201812,2,10,LVA
2221,201912,1,10,NPL
2222,202004,1,8,KAZ
2223,202007,3,10,EST
2224,202009,12,49,BEL
2225,201704,2,10,AUT
2226,201611,7,24,IDN
2227,201708,104,712,POL
2228,201801,14,60,FRA
2229,201710,31,171,DEU
2230,201710,8,17,CHE
2231,201706,39,149,CZE
2232,201701,4,26,SVK
2233,201603,5,10,LUX
2234,201810,10,37,HUN
2235,201605,14,79,GBR
2236,201511,12,34,LVA
2237,201511,31,126,HUN
2238,201702,2,3,PER
2239,201908,158,843,UKR
2240,201503,1,3,FIN
2241,201512,25,133,FRA
2242,201608,3,22,CHN
2243,201904,1,2,COD
2244,201904,15,64,LTU
2245,201504,1,2,ARE
2246,201701,2,2,AFG
2247,201712,7,50,AFR
2248,201901,33,110,ISR
2249,201808,30,188,RUS
2250,201812,57,416,EUR
2251,201807,4,15,SDN
2252,201610,1,2,MEX
2253,201703,4,18,AGO
2254,201902,23,91,GBR
2255,201909,1,10,TWN
2256,201908,7,40,LTU
2257,201908,31,121,FRA
2258,201610,2,10,NGA
2259,202003,7,28,EST
2260,201902,79,211,IRN
2261,201902,8,31,YEM
2262,201901,2,3,NLD
2263,201809,6,42,AUT
2264,202009,4,12,LBY
2265,201606,1,10,CMR
2266,201502,1,6,GRC
2267,201809,2,12,MEA
2268,201710,1,1,NMR
2269,201909,1,8,ITA
2270,201511,1,10,MEX
2271,201607,10,40,LVA
2272,201609,1,8,DOM
2273,201912,1,4,ISR
2274,201607,1,1,ZWE
2275,201803,1,8,MAR
2276,201701,5,34,EGY
2277,201712,3,10,PSE
2278,201705,3,10,SVK
2279,202006,39,215,EUR
2280,202007,26,116,DEU
2281,202008,1,4,VAT
2282,202009,91,331,POL
2283,201704,26,104,BLR
2284,201702,2,10,NZL
2285,201602,987,6767,
2286,201611,2,12,NZL
2287,201801,33,98,BGR
2288,201802,57,377,EUR
2289,201511,9,18,IRL
2290,201807,13,53,ITA
2291,201705,28,162,RUS
2292,201509,83,359,CZE
2293,201608,6,15,SRB
2294,201511,31,131,BGR
2295,201812,910,6280,
2296,201801,29,94,RUS
2297,201505,27,136,GBR
2298,201811,1,4,EST
2299,201510,4,14,AUS
2300,201804,3,20,BRA
2301,201904,3,10,SDN
2302,201704,2,20,MLT
2303,201604,2,10,GIN
2304,201707,1,10,SAU
2305,201703,7,31,AUT
2306,201610,2,8,ALB
2307,201802,13,42,BGR
2308,201607,10,20,ISR
2309,201811,7,20,PRT
2310,201907,13,54,DNK
2311,201507,1,10,PHL
2312,202010,6,31,LTU
2313,201808,1,10,DOM
2314,201906,3,14,NLD
2315,202001,2,14,MEX
2316,201704,1,20,HRV
2317,201901,2,6,MMR
2318,201910,4,30,NOR
2319,201812,8,24,ETH
2320,201908,2,4,ISL
2321,201912,3,6,NLD
2322,202005,7,23,GBR
2323,201611,4,20,BGR
2324,201707,318,1345,DEU
2325,201610,14,55,GBR
2326,201801,10,38,ITA
2327,201702,4,40,PAN
2328,201710,10,64,LUX
2329,201507,91,377,POL
2330,201512,8,40,QAT
2331,201705,32,120,HUN
2332,201705,4,34,ESP
2333,201705,28,126,GBR
2334,201701,8,78,ESP
2335,201602,4,18,EGY
2336,201810,1,30,ARE
2337,201604,3,4,NOR
2338,201602,2,4,KAZ
2339,201509,11,60,WST
2340,201611,7,32,SRB
2341,201705,27,91,BEL
2342,201602,4,15,FIN
2343,201504,3,16,QAT
2344,201509,1,7,KOR
2345,201806,21,86,LTU
2346,201812,21,112,LTU
2347,201505,4,20,HUN
2348,201502,3,12,CZE
2349,201604,5,14,ISL
2350,201903,23,114,DEU
2351,201909,15,80,IRQ
2352,201912,2,10,AUT
2353,201712,4,33,CHN
2354,202003,4,14,IND
2355,201902,5,26,SWE
2356,201606,225,740,POL
2357,202010,5,17,ITA
2358,201605,2,8,LUX
2359,201803,17,33,DNK
2360,201607,40,189,AFG
2361,201903,2,5,BHR
2362,201609,2,4,MYS
2363,202010,5,8,SWE
2364,202007,54,241,UKR
2365,202007,2,13,IRL
2366,201908,5,15,WST
2367,202008,4,30,CYP
2368,202008,5,38,FIN
2369,201611,185,774,POL
2370,201611,1,10,SEA
2371,201709,6,38,PAN
2372,201706,67,305,USA
2373,201509,4,20,PAK
2374,201704,9,40,TUR
2375,201807,2,10,IRN
2376,201703,1,8,NGA
2377,201602,40,158,FRA
2378,201601,2,7,VNM
2379,201507,17,94,SVK
2380,201504,9,26,SEN
2381,201612,7,22,ISR
2382,201603,3,5,NPL
2383,201801,4,20,ARG
2384,201909,4,24,ESP
2385,201707,3,14,EST
2386,202002,1,4,QAT
2387,201605,8,34,TUR
2388,201811,8,33,BEL
2389,201505,7,34,DOM
2390,201908,1,10,IRN
2391,201701,2,8,DMA
2392,201711,2,10,CHE
2393,201711,2,5,JPN
2394,201909,3,6,MCO
2395,201810,2,4,MEX
2396,201603,2,10,BGD
2397,201606,69,407,RUS
2398,202012,2,8,FIN
2399,201807,2,2,TTO
2400,201606,13,67,ARG
2401,202004,3,10,LVA
2402,201812,1,10,HRV
2403,201705,1,10,MAR
2404,201502,1,10,SEN
2405,202006,3,30,CAN
2406,202007,42,148,POL
2407,201702,76,452,UKR
2408,201708,61,338,RUS
2409,201709,6,22,PRK
2410,201710,3,10,SOM
2411,201706,3,15,CHE
2412,201612,971,6996,
2413,201507,2,4,BLR
2414,201805,26,116,IRN
2415,201510,7,24,MEX
2416,201601,17,70,SVK
2417,201603,4,28,JPN
2418,201510,4,8,PRK
2419,201509,12,74,LUX
2420,201812,92,395,USA
2421,201602,40,223,MKD
2422,201811,8,34,CHN
2423,201603,2,20,IRL
2424,201704,4,34,PAN
2425,201711,4,8,AZE
2426,201912,30,249,ESP
2427,201707,5,23,PRK
2428,201712,33,146,CZE
2429,201602,4,18,HND
2430,201903,8,22,BGR
2431,201612,2,8,AUS
2432,201707,3,8,IRL
2433,201612,1,2,AFG
2434,202003,15,44,DEU
2435,201710,2,10,KOR
2436,201706,1,10,NLD
2437,201902,5,20,FIN
2438,201607,2,9,CHL
2439,201804,2,10,NOR
2440,201606,2,8,FIN
2441,201512,1,10,HRV
2442,201703,6,22,MLT
2443,201508,2,8,VEN
2444,201711,3,10,IRN
2445,202009,17,111,EUR
2446,201611,14,44,ISR
2447,201611,6,17,LVA
2448,201707,1584,9965,
2449,201710,20,66,ARM
2450,201503,14,71,TUR
2451,201706,1,2,BTN
2452,201805,18,82,HUN
2453,201704,12,50,NOR
2454,201805,6,30,PAK
2455,201612,4,20,NGA
2456,201610,3,14,JOR
2457,201803,2,5,IRN
2458,201512,4,32,LUX
2459,201511,4,20,CHL
2460,201905,104,431,POL
2461,201603,14,53,SVK
2462,201503,11,42,NOR
2463,201612,6,18,SVK
2464,201605,19,79,HUN
2465,201510,2,8,SAU
2466,201912,648,4730,
2467,201708,1,10,AUS
2468,201503,2,7,BRA
2469,201901,15,63,LTU
2470,201504,5,18,NPL
2471,201610,7,28,NLD
2472,201809,36,154,UKR
2473,202002,4,8,AUS
2474,201705,11,53,CZE
2475,201806,16,57,LVA
2476,201810,4,22,CHL
2477,201804,8,39,BGR
2478,201911,4,10,CHE
2479,201806,1,10,IRN
2480,201809,4,22,DNK
2481,201601,1,10,NGA
2482,201901,3,18,ARG
2483,201901,10,60,NOR
2484,202003,2,18,GRC
2485,202002,1,10,CAN
2486,202002,2,12,SWE
2487,201812,3,12,AGO
2488,202010,7,15,EST
2489,202010,2,2,VAT
2490,202001,2,4,CZE
2491,201806,5,22,EST
2492,201509,4,18,CHE
2493,202012,1,10,HRV
2494,201706,2,10,AUS
2495,201902,3,10,BHR
2496,201805,1,10,SYR
2497,201811,4,10,ETH
2498,201707,1,1,KOR
2499,202004,7,44,CHN
2500,202004,4,21,FRA
2501,202007,7,35,RUS
2502,202008,67,218,POL
2503,201608,9,46,JOR
2504,201611,2,10,JOR
2505,201805,19,72,LTU
2506,201709,19,132,BEL
2507,201709,13,79,CHN
2508,201801,34,161,DEU
2509,201709,7,38,ITA
2510,201805,59,362,UKR
2511,201508,133,478,POL
2512,201508,11,44,IRN
2513,201701,47,230,DEU
2514,201601,2,10,FIN
2515,201509,10,38,JPN
2516,201811,40,200,FRA
2517,201904,39,203,FRA
2518,201612,6,17,IRL
2519,201510,2,13,MDA
2520,201712,92,920,EUR
2521,201505,7,24,PRT
2522,201806,14,63,FRA
2523,201504,1,10,DNK
2524,201910,16,47,CZE
2525,201911,2,8,CHL
2526,201912,2,3,MKD
2527,201609,1,10,KGZ
2528,201511,1,6,IND
2529,201907,2,10,JOR
2530,201909,2,4,HTI
2531,201809,2,10,PAK
2532,201704,2,14,ARG
2533,201703,1,10,FIN
2534,202010,3,14,NLD
2535,201901,9,54,BEL
2536,201808,19,71,AUS
2537,201907,2,10,NOR
2538,201607,1,2,VEN
2539,201607,5,11,MKD
2540,201808,2,2,MLT
2541,201904,11,50,BLR
2542,201905,3,6,ARM
2543,202010,3,18,FIN
2544,201905,2,10,VAT
2545,201709,6,26,DNK
2546,201702,1,4,BRA
2547,201803,62,268,ISR
2548,201511,61,314,UKR
2549,201706,36,140,HRV
2550,201605,7,34,SWE
2551,201704,2,4,PRK
2552,201709,4,30,ARE
2553,201601,3,10,NLD
2554,201602,35,206,WST
2555,201509,40,157,DEU
2556,201706,2,20,VEN
2557,201811,4,22,NOR
2558,201811,47,253,EUR
2559,201802,20,160,MKD
2560,201906,14,48,ITA
2561,201904,58,327,GBR
2562,202002,61,243,POL
2563,201912,39,176,UKR
2564,201506,1,2,CYP
2565,201610,4,20,BRA
2566,201605,8,19,CHN
2567,201706,2,10,SDN
2568,201807,5,20,SVK
2569,201511,3,16,MAR
2570,201907,23,75,LTU
2571,201609,3,11,AZE
2572,201907,7,26,CZE
2573,201911,6,32,WST
2574,201906,30,107,LTU
2575,202003,9,58,CAN
2576,201902,3,6,VNM
2577,201910,11,33,RUS
2578,201812,1,10,MKD
2579,201604,1,8,EST
2580,201807,10,40,EST
2581,201803,1,2,ISL
2582,201511,1,10,VEN
2583,201901,2,20,BGR
2584,201809,1,10,UZB
2585,201910,13,38,NLD
2586,201703,2,8,LUX
2587,201703,1,2,PHL
2588,202011,2,10,HRV
2589,202008,2,2,NPL
2590,202009,1,10,MAR
2591,201704,76,397,USA
2592,201608,29,128,GBR
2593,201703,1131,7897,
2594,201805,74,452,EUR
2595,201801,53,215,HUN
2596,201805,26,101,GBR
2597,201710,22,113,AZE
2598,201710,7,26,SVK
2599,201807,4,37,LUX
2600,201703,3,14,ZMB
2601,201803,46,168,FRA
2602,201508,6,26,ESP
2603,201701,8,29,NLD
2604,201803,3,29,JPN
2605,201812,116,716,FRA
2606,202001,56,287,UKR
2607,201512,4,10,DOM
2608,201602,2,6,NLD
2609,201904,44,215,RUS
2610,201707,28,157,UKR
2611,201707,3,8,AZE
2612,201511,4,14,MLT
2613,201901,2,4,CHE
2614,201901,4,22,CAN
2615,201701,3,28,BRA
2616,201602,2,3,IND
2617,201911,72,254,POL
2618,201911,1,1,LIE
2619,201610,1,2,EGY
2620,201610,11,42,ISR
2621,201609,4,14,BEL
2622,201603,6,40,BGR
2623,201711,3,18,CHN
2624,201810,2,8,JOR
2625,201607,88,383,RUS
2626,201607,20,78,FRA
2627,201901,3,24,LBN
2628,201912,1,4,IRN
2629,201903,1,10,ARM
2630,202011,2,10,TJK
2631,201902,6,22,AUT
2632,201902,49,221,LTU
2633,201910,6,16,SWE
2634,201606,8,31,BRA
2635,201606,11,43,SVK
2636,201901,2,5,CUB
2637,201709,5,30,MLT
2638,201607,2,8,LBY
2639,201607,2,2,GEO
2640,201810,2,12,NLD
2641,201910,5,14,AUT
2642,201906,1,4,VAT
2643,202010,2,10,BEL
2644,201608,3,10,WSM
2645,201712,1,20,IDN
2646,201909,77,509,EUR
2647,201610,4,6,PER
2648,201709,55,274,GBR
2649,201709,6,30,IRL
2650,201805,13,93,GRC
2651,201805,3,12,ITA
2652,201709,3,6,CHE
2653,201802,300,1338,ISR
2654,201804,23,73,BEL
2655,201710,4,30,GRC
2656,201710,5,18,IDN
2657,201601,68,283,RUS
2658,201505,24,102,NLD
2659,201511,19,135,AFR
2660,201508,20,74,TUR
2661,202001,106,418,POL
2662,201502,3,5,NOR
2663,201811,65,349,UKR
2664,201602,3,4,VEN
2665,201506,2,10,MKD
2666,201707,10,36,ISR
2667,201507,5,20,JPN
2668,201507,14,69,BEL
2669,201909,11,45,AZE
2670,201609,24,123,ESP
2671,201706,7,30,AUT
2672,201904,11,25,ISR
2673,201712,80,366,USA
2674,201510,15,84,BEL
2675,201901,13,46,HUN
2676,201509,3,10,FIN
2677,201806,55,225,HUN
2678,201508,5,45,CHN
2679,201804,10,52,CHN
2680,201811,1,10,TZA
2681,201607,3,28,AFR
2682,201907,1,10,MEX
2683,202002,1,10,JPN
2684,201910,15,56,IRL
2685,201605,2,4,NLD
2686,201806,3,10,CMR
2687,201909,1,1,SAU
2688,201909,6,15,ISR
2689,201705,2,8,CHE
2690,201911,1,10,KAZ
2691,201806,3,8,MAC
2692,201707,2,10,LVA
2693,202006,6,12,ISR
2694,202006,3,22,BRA
2695,202007,1,1,AUS
2696,201908,852,5447,
2697,202009,12,81,DEU
2698,201608,7,22,SWE
2699,201608,24,109,HUN
2700,201701,151,637,POL
2701,201512,829,5907,
2702,201504,14,71,BLR
2703,201803,22,124,BGR
2704,201802,9,45,WST
2705,201805,1,1,EGY
2706,201803,2,6,EGY
2707,201602,48,212,LTU
2708,201608,2,10,BOL
2709,201604,2,5,VNM
2710,201507,14,78,BRA
2711,201811,3,14,IRL
2712,201511,1,2,LCA
2713,201503,3,18,ITA
2714,201511,17,86,EST
2715,201604,5,24,MDA
2716,201512,2,8,PSE
2717,201705,49,168,WST
2718,202012,80,293,POL
2719,201901,124,515,POL
2720,201603,2,2,BRA
2721,201812,1,1,AFG
2722,201910,63,573,EUR
2723,201612,2,10,KGZ
2724,201602,1,10,KOR
2725,201810,2,8,JPN
2726,201906,8,26,GBR
2727,201606,7,24,AZE
2728,201502,1,5,LVA
2729,201907,2,8,TUR
2730,201705,21,116,LUX
2731,201606,1,1,HND
2732,201606,9,44,VNM
2733,201807,4,17,HRV
2734,201609,5,10,IRL
2735,201902,2,2,ARM
2736,201910,1,10,EGY
2737,201808,1,2,IDN
2738,201609,3,16,CUB
2739,202011,1,9,NOR
2740,201607,2,10,BGR
2741,201810,3,10,ARM
2742,202005,7,23,BLR
2743,202006,4,20,BGR
2744,202006,1,10,GHA
2745,201703,80,433,USA
2746,201805,968,6673,
2747,201709,1,1,JOR
2748,201702,6,23,BGR
2749,201605,142,615,POL
2750,201706,2,16,BRA
2751,201506,85,437,USA
2752,201611,1,10,PAK
2753,201503,34,199,DEU
2754,201801,4,14,CHN
2755,201601,6,33,FRA
2756,201909,99,518,UKR
2757,201602,1,4,PSE
2758,201706,9,28,PRT
2759,201712,6,21,GRC
2760,201504,1,10,EGY
2761,201812,3,8,NMR
2762,201808,3,8,ESP
2763,201807,18,75,FRA
2764,202003,9,40,CHN
2765,201507,3,10,ALB
2766,201901,16,36,IRL
2767,201810,3,30,TUN
2768,201703,19,356,BGR
2769,201806,3,14,MEX
2770,201512,2,20,COL
2771,201810,1,2,TWN
2772,201901,7,50,VEN
2773,201607,17,95,SVK
2774,201912,12,30,WST
2775,201912,10,32,ITA
2776,201708,7,20,BGR
2777,201903,2,4,FIN
2778,201608,3,12,CAN
2779,201906,34,189,HUN
2780,201712,4,20,KAZ
2781,201606,1,4,NPL
2782,201910,9,70,AFR
2783,201802,18,83,LBN
2784,201608,1,8,ARG
2785,201909,2,10,SOM
2786,201805,3,12,THA
2787,201806,3,5,THA
2788,201901,1,2,EGY
2789,201903,1,6,AFR
2790,201811,1,30,ARM
2791,202010,3,18,DNK
2792,202009,3,15,ESP
2793,202004,5,25,ESP
2794,202003,2,11,FRA
2795,202005,33,127,USA
2796,202005,2,6,AUT
2797,202008,3,12,LVA
2798,202009,3,20,FIN
2799,201704,3,18,AFR
2800,201704,10,43,FRA
2801,201708,2,6,EST
2802,201610,58,323,RUS
2803,201801,6,37,BLR
2804,201710,14,55,BLR
2805,201507,22,108,FRA
2806,201705,155,597,POL
2807,201706,1,20,PAK
2808,201709,5,20,KOR
2809,201802,4,28,IRL
2810,201601,9,46,AFR
2811,201505,7,32,BEL
2812,201603,3,22,CHN
2813,201502,15,108,RUS
2814,201604,3,13,DNK
2815,201608,1,10,IRL
2816,201810,104,475,USA
2817,201510,6,36,ESP
2818,201510,4,22,QAT
2819,201511,11,26,NLD
2820,201811,23,117,GBR
2821,201505,3,30,ITA
2822,201605,5,7,BRB
2823,201712,128,612,GBR
2824,201502,2,2,BEL
2825,201806,51,344,EUR
2826,201505,3,10,MDA
2827,201506,2,4,SAU
2828,202001,12,84,CHN
2829,201803,10,28,AUT
2830,201605,8,36,AFG
2831,201510,2,6,IRQ
2832,201604,3,18,ECU
2833,201507,1,10,AUT
2834,201905,3,14,DNK
2835,201906,4,20,EST
2836,201705,3,10,CHL
2837,201912,2,8,KOR
2838,201606,12,34,LTU
2839,201607,20,61,LTU
2840,201609,8,26,NLD
2841,201901,2,10,YEM
2842,201606,8,17,AFG
2843,202004,1,4,ISR
2844,201801,1,10,ZAF
2845,201503,1,10,UZB
2846,201608,1,2,PER
2847,202011,1,8,WST
2848,202004,51,197,POL
2849,201611,11,73,ESP
2850,201704,8,19,LVA
2851,201702,132,462,POL
2852,201702,16,110,SVK
2853,201802,76,336,DEU
2854,201706,163,951,POL
2855,201706,2,10,PAN
2856,201507,10,48,ITA
2857,201803,8,23,EST
2858,201807,66,352,UKR
2859,201503,15,113,WST
2860,201602,20,135,TUR
2861,201511,33,128,DEU
2862,201610,1,4,SGP
2863,201811,49,178,DEU
2864,201906,1,4,JPN
2865,201811,18,86,LTU
2866,201508,3,16,HUN
2867,201711,5,23,WST
2868,201711,2,10,FJI
2869,201711,7,22,SVK
2870,201707,52,158,CZE
2871,201901,40,153,DEU
2872,201901,42,151,GBR
2873,201812,4,16,CYP
2874,201703,6,20,IRQ
2875,201706,6,20,MNG
2876,201910,24,103,HUN
2877,201912,15,61,TUR
2878,201907,6,38,SVK
2879,201804,5,34,EGY
2880,201607,10,30,ARG
2881,201701,6,27,AFR
2882,201511,4,40,FJI
2883,201905,4,13,AUT
2884,201910,5,30,IDN
2885,201606,3,23,AFR
2886,201812,2,4,ALB
2887,201903,3,20,AUT
2888,202006,2,2,FIN
2889,201604,1,10,PRK
2890,201906,5,14,DNK
2891,202003,2,10,AUT
2892,202004,2,4,IRL
2893,201705,2,4,NMR
2894,202012,1,4,NLD
2895,201902,3,10,NLD
2896,201607,6,6,THA
2897,201606,4,8,JOR
2898,201905,3,13,MEX
2899,201905,2,5,KAZ
2900,202006,120,421,POL
2901,202007,2,16,NZL
2902,202007,3,10,SWE
2903,202009,1,10,JPN
2904,202009,7,18,VAT
2905,201611,47,167,CAN
2906,201610,3,20,MAR
2907,201610,16,59,CZE
2908,201801,1,8,DZA
2909,201711,3,5,SRB
2910,201801,1,10,URY
2911,201506,2,2,BTN
2912,201709,6,21,IRQ
2913,201703,21,97,GRC
2914,201508,82,338,DEU
2915,201603,52,322,EUR
2916,201810,14,80,ITA
2917,201512,14,39,BLR
2918,201706,9,27,NOR
2919,201507,5,30,ZMB
2920,201603,1,2,IDN
2921,201605,1,4,COL
2922,201512,4,8,PHL
2923,201510,2,10,LBN
2924,201803,3,14,CUB
2925,201807,9,54,CZE
2926,201502,3,20,DNK
2927,201712,9,61,SVK
2928,201710,2,20,VEN
2929,201612,5,30,TUR
2930,201909,5,21,EGY
2931,201607,2,4,NGA
2932,201606,17,142,CHE
2933,201606,68,365,FRA
2934,201507,2,10,ERI
2935,202010,13,58,RUS
2936,201604,1,3,CAN
2937,201603,2,5,MAR
2938,201905,1,10,BOL
2939,201607,2,2,SDN
2940,201609,1,4,PSE
2941,201609,1,1,VAT
2942,201902,3,8,DZA
2943,202009,1,10,IDN
2944,202009,4,14,NGA
2945,201905,2,2,SOM
2946,201810,2,12,SWE
2947,201906,1,30,KOR
2948,202003,29,115,USA
2949,202006,6,50,GBR
2950,202009,1,10,EGY
2951,201707,26,115,BEL
2952,201711,3,15,SGP
2953,201510,84,467,EUR
2954,201807,5,40,PAN
2955,201803,7,32,IRQ
2956,201705,4,13,ETH
2957,201701,5,14,CHE
2958,201812,34,67,SWE
2959,201810,19,84,GBR
2960,201504,13,44,GBR
2961,201506,6,16,NLD
2962,201510,7,26,EST
2963,201908,5,27,ITA
2964,201609,59,336,EUR
2965,201602,2,12,PAK
2966,201601,3,10,MEX
2967,201711,1,8,MDA
2968,201711,1,8,BRA
2969,201604,5,34,JPN
2970,201509,3,10,EST
2971,201701,6,10,PHL
2972,201909,5,22,JPN
2973,201903,1,5,ZAF
2974,201903,18,80,CZE
2975,201903,8,24,LTU
2976,201610,1,10,HTI
2977,201803,1,4,ARG
2978,201908,4,6,IRL
2979,202012,2,4,MKD
2980,201606,12,66,VAT
2981,201712,2,20,SEN
2982,202006,1,2,ISL
2983,202008,115,476,BLR
2984,202008,22,86,AUT
2985,201704,212,726,POL
2986,201702,39,183,GBR
2987,201708,4,18,ESP
2988,201801,169,716,POL
2989,201803,980,7433,
2990,201602,51,214,CZE
2991,201506,27,100,GBR
2992,201711,3,19,ESP
2993,201812,48,231,GBR
2994,201804,28,124,ISR
2995,201608,2,10,IND
2996,201701,1,8,DZA
2997,201610,3,12,TWN
2998,201607,305,1368,POL
2999,201803,8,30,ARM
3000,201806,1,10,DZA
3001,201808,2,20,DZA
3002,201511,5,28,LUX
3003,201907,4,19,GBR
3004,201809,13,97,GBR
3005,201512,2,6,MKD
3006,201806,2,13,CHN
3007,201601,1,10,IRQ
3008,201801,1,4,CHL
3009,201501,1,20,UKR
3010,201703,2,20,TUR
3011,201812,16,66,AUT
3012,201809,1,3,LUX
3013,201508,2,12,BLR
3014,201606,2,8,SAU
3015,201802,5,18,TWN
3016,201912,2,12,AFR
3017,201905,63,241,ISR
3018,201906,2,10,ALB
3019,201607,1,8,SEN
3020,202007,17,101,TUR
3021,202007,2,10,BLR
3022,202008,2,7,TWN
3023,201701,13,50,BLR
3024,201702,8,23,ISR
3025,201805,2,20,CPV
3026,201709,27,100,RUS
3027,201710,24,91,HUN
3028,201710,4,26,PAN
3029,201603,1127,8009,
3030,201802,6,19,SVK
3031,201807,79,261,POL
3032,201802,3,20,FIN
3033,201603,45,246,UKR
3034,201511,7,25,SYR
3035,201605,15,49,ISR
3036,201509,1,6,SAU
3037,201503,26,110,GBR
3038,201505,8,56,SVK
3039,201509,18,88,BEL
3040,201602,4,4,NZL
3041,201507,1,10,FIN
3042,201603,6,34,NOR
3043,201604,2,4,BHR
3044,201511,2,8,THA
3045,201609,4,30,MEX
3046,201508,2,4,BEL
3047,201811,4,40,ESP
3048,201803,1,2,PGS
3049,201710,10,44,ITA
3050,201806,33,130,GBR
3051,201602,1,10,VAT
3052,201711,5,18,KEN
3053,201507,2,5,NGA
3054,202011,9,25,UKR
3055,201607,11,71,BEL
3056,201809,7,45,PRT
3057,201609,2,4,MKD
3058,201609,2,2,LAO
3059,202011,6,30,RUS
3060,201911,14,65,HUN
3061,201804,2,6,EST
3062,201607,4,15,SYR
3063,201508,1,3,NMR
3064,201912,2,6,BRB
3065,201910,1,5,TWN
3066,201812,4,28,LUX
3067,201806,2,8,KOR
3068,201512,1,10,IRL
3069,202004,12,46,ITA
3070,201907,27,142,RUS
3071,202009,3,10,BGR
3072,201508,784,5712,
3073,201807,6,13,EGY
3074,201701,4,16,LUX
3075,201602,7,23,EST
3076,201504,2,4,ZAF
3077,201810,50,221,DEU
3078,201602,4,10,BGD
3079,201909,7,48,BEL
3080,201512,15,75,AFR
3081,201604,1,10,PAN
3082,201703,2,10,CHE
3083,201504,3,10,NOR
3084,201806,5,38,BRA
3085,201706,10,45,GRC
3086,201602,1,10,CUB
3087,201806,30,137,SVK
3088,202002,3,15,NOR
3089,201812,24,150,RUS
3090,201903,16,70,ISR
3091,201903,1,8,PSE
3092,201909,8,26,CHN
3093,201911,5,20,LVA
3094,201906,31,121,BEL
3095,201908,1,10,MDV
3096,201910,2,13,BRA
3097,201809,1,10,SEN
3098,201802,2,20,SEN
3099,201902,2,2,PAK
3100,201901,2,2,TCD
3101,201811,1,8,VNM
3102,201607,4,10,AZE
3103,201810,2,10,TUR
3104,201905,3,7,EGY
3105,202004,3,12,NOR
3106,202005,426,3194,
3107,202006,2,10,SDN
3108,201611,5,18,IRN
3109,201703,39,242,ITA
3110,201709,957,7229,
3111,201805,135,669,USA
3112,201710,12,58,ESP
3113,201506,15,72,SVK
3114,201510,903,6396,
3115,201503,54,243,RUS
3116,201709,4,20,PRT
3117,201701,4,18,MDA
3118,201605,23,91,NOR
3119,201702,2,10,LUX
3120,201506,5,23,BRA
3121,201502,25,88,USA
3122,201810,1,4,NGA
3123,201609,18,72,BLR
3124,201609,3,5,ISL
3125,201704,1,2,IRQ
3126,202002,12,49,LTU
3127,201503,7,24,ARM
3128,202002,52,265,FRA
3129,202002,1,6,COG
3130,202002,1,7,CUB
3131,201811,1,10,KWT
3132,201712,51,224,BEL
3133,201507,2,10,SYR
3134,202012,29,189,GBR
3135,201707,6,30,NOR
3136,201512,1,5,CAN
3137,201809,133,408,POL
3138,201505,1,1,AFR
3139,201806,25,108,CZE
3140,201601,2,5,AUT
3141,201903,9,52,ITA
3142,201903,17,52,BLR
3143,201911,2,10,TWN
3144,201906,73,403,UKR
3145,201912,2,10,NZL
3146,201603,1,2,VAT
3147,201606,11,62,IRL
3148,201802,5,34,AUS
3149,201601,1,4,CAN
3150,202001,3,10,TUR
3151,201812,2,10,PAK
3152,201805,7,32,AZE
3153,201811,2,20,CHE
3154,201502,1,2,IND
3155,201905,5,43,COL
3156,201910,1,8,ARG
3157,202005,11,51,CAN
3158,202007,1,10,HRV
3159,202009,147,466,BLR
3160,202009,6,40,WST
3161,201511,2,10,NOR
3162,201707,279,1205,USA
3163,201709,3,12,AUS
3164,201504,150,594,POL
3165,201603,35,141,HUN
3166,201503,118,637,UKR
3167,201703,2,4,NMR
3168,201608,17,99,KAZ
3169,201612,8,33,CAN
3170,201701,6,21,CHN
3171,201504,2,4,MDA
3172,201602,9,39,ITA
3173,201504,17,79,FRA
3174,201810,2,20,GRC
3175,201507,2,20,GUY
3176,201607,232,1189,USA
3177,201503,5,12,AZE
3178,201508,3,10,BRA
3179,201509,10,33,AUT
3180,201510,2,10,SGP
3181,202012,314,1640,HUN
3182,201701,13,28,PSE
3183,201808,651,4416,
3184,201801,1,7,ESP
3185,201610,1,10,DZA
3186,201505,2,10,MNG
3187,201603,6,22,ARG
3188,201505,4,14,ARE
3189,201708,11,57,HUN
3190,201809,2,5,NOR
3191,201502,1,10,CUB
3192,201904,9,35,CZE
3193,201801,3,7,IRL
3194,201703,7,26,PRT
3195,201905,9,41,CHN
3196,201604,3,12,ARG
3197,201806,2,30,AFR
3198,202003,2,10,NLD
3199,202003,5,28,BLR
3200,202010,1,2,DZA
3201,201802,1,10,AZE
3202,201808,3,10,VAT
3203,201607,6,13,GRC
3204,201607,4,14,MCO
3205,201801,4,12,KOR
3206,201904,1,2,NOR
3207,201809,3,12,TUR
3208,201804,1,6,HRV
3209,201704,5,20,CHL
3210,201710,1,10,EGY
3211,202005,3,5,ISR
3212,202006,1,10,LVA
3213,202006,3,8,CHN
3214,201611,40,237,EUR
3215,201701,3,20,NZL
3216,201610,64,319,USA
3217,201709,2,10,NLD
3218,201802,292,1441,POL
3219,201706,12,58,SVK
3220,201604,41,166,DEU
3221,201704,1,3,KOR
3222,201601,2,5,BGR
3223,201604,62,305,USA
3224,201812,21,137,DEU
3225,201811,143,787,USA
3226,201603,25,167,MKD
3227,201503,3,16,ARE
3228,201612,9,44,WST
3229,201708,9,37,ITA
3230,201609,20,84,AUS
3231,201705,20,119,CHN
3232,202012,47,192,USA
3233,201602,3,60,AZE
3234,201702,1,2,NMR
3235,201912,5,10,EST
3236,201711,2,4,AUS
3237,201907,5,20,BGR
3238,201506,5,24,AZE
3239,201602,1,8,ZAF
3240,201504,1,10,IDN
3241,201804,4,22,MKD
3242,201509,1,5,PRT
3243,202005,3,7,BRA
3244,201507,4,12,COL
3245,201607,11,54,PAN
3246,201505,1,10,PSE
3247,201906,2,10,LVA
3248,201906,29,105,BLR
3249,201803,2,10,TJK
3250,201909,2,10,BGR
3251,201909,2,10,CHL
3252,201909,3,13,SGP
3253,201807,2,2,NMR
3254,201904,3,10,ARG
3255,201902,3,22,LUX
3256,201902,5,32,BGD
3257,202004,3,10,EST
3258,201607,7,26,AUT
3259,201506,1,10,CHE
3260,201607,1,8,AGO
3261,201711,7,18,GRC
3262,202004,1,4,VNM
3263,202005,58,204,POL
3264,202006,3,10,TJK
3265,202007,2,2,SLV
3266,201703,33,158,BEL
3267,201711,44,328,GBR
3268,201610,9,27,BGR
3269,201711,47,255,FRA
3270,201710,160,796,POL
3271,201706,39,183,WST
3272,201506,66,427,GRC
3273,201508,11,35,LVA
3274,201602,6,20,LVA
3275,201604,2,14,LUX
3276,201710,3,14,VAT
3277,202001,4,18,IDN
3278,201502,1,10,ESP
3279,201508,1,2,PSE
3280,201609,79,398,RUS
3281,201905,14,56,CZE
3282,201604,2,8,COG
3283,201801,1,4,PRK
3284,201507,3,16,MEX
3285,201707,13,48,EGY
3286,201904,15,33,GRC
3287,201712,3,10,CUB
3288,201701,4,15,JPN
3289,201806,129,479,POL
3290,201506,2,12,ISL
3291,201706,2,18,LUX
3292,202002,9,46,GBR
3293,201911,36,186,DEU
3294,201601,1,8,CMR
3295,201803,1,1,VNM
3296,201902,56,180,HUN
3297,201807,4,25,NOR
3298,201909,9,25,AUS
3299,201606,21,79,ITA
3300,201603,1,2,ISL
3301,201709,4,30,TUR
3302,201905,4,15,THA
3303,202001,4,20,NOR
3304,202001,2,4,SVK
3305,201611,1,10,MEX
3306,201511,1,2,FIN
3307,202004,5,13,DEU
3308,201907,791,5161,
3309,201511,1026,7437,
3310,201704,3,15,CZE
3311,201702,3,10,SYR
3312,201707,370,1434,POL
3313,201508,23,99,GBR
3314,201706,66,328,HUN
3315,201612,53,309,EUR
3316,201503,29,131,FRA
3317,201603,163,622,POL
3318,201703,1,8,AFR
3319,201510,7,42,IRL
3320,201705,1,10,YEM
3321,201506,62,260,EST
3322,201702,9,19,CHE
3323,201602,19,80,BGR
3324,201503,6,24,AUS
3325,202002,7,20,SVK
3326,201607,105,544,DEU
3327,201712,6,34,CHE
3328,201806,50,237,DEU
3329,202001,20,65,LTU
3330,201809,801,5736,
3331,201505,3,22,GRC
3332,201706,2,10,ECU
3333,201911,8,42,BLR
3334,201911,3,16,NOR
3335,201902,3,12,AZE
3336,201905,10,54,FRA
3337,201908,44,196,DEU
3338,201808,2,4,PRK
3339,201805,2,10,MDA
3340,201906,3,8,AGO
3341,201907,1,2,NGA
3342,202012,2,10,IRL
3343,201901,3,4,SVK
3344,201506,4,30,COL
3345,201910,10,45,FIN
3346,201605,1,10,MEX
3347,201902,3,27,IRL
3348,201810,1,3,PSE
3349,201909,5,30,SVK
3350,201909,2,10,CRI
3351,201909,1,8,MEX
3352,201511,2,2,AZE
3353,202001,1,6,ESP
3354,201903,2,5,LUX
3355,201807,1,8,IDN
3356,202001,1,10,IRQ
3357,201912,1,6,VCT
3358,202008,4,14,GRC
3359,201704,14,258,MDA
3360,201611,22,105,EST
3361,201611,26,72,FRA
3362,201708,52,299,UKR
3363,201709,4,24,EST
3364,201805,8,25,EST
3365,201802,19,75,FRA
3366,201508,33,190,EUR
3367,201805,16,73,CZE
3368,201512,178,1098,UKR
3369,201611,1,10,MDA
3370,201709,3,10,MKD
3371,201509,39,151,LTU
3372,201705,33,121,LTU
3373,201810,134,547,POL
3374,201711,4,14,NLD
3375,201802,3,20,KOR
3376,201609,2,10,NGA
3377,201905,3,10,PHL
3378,201904,14,72,CHN
3379,201605,2,14,AFR
3380,201708,18,83,SWE
3381,201708,5,20,ISR
3382,201909,42,165,DEU
3383,201505,2,4,JAM
3384,201705,4,33,GRC
3385,201808,87,302,POL
3386,201807,3,10,TUR
3387,201706,4,20,MEX
3388,201701,2,20,SYR
3389,201809,246,1334,USA
3390,201806,1,4,IRL
3391,201609,2,5,SYR
3392,201701,1,2,GHA
3393,202001,4,31,AFR
3394,201909,5,39,WST
3395,201910,19,69,FRA
3396,201601,1,3,CHE
3397,201809,1,5,AFR
3398,201912,1,6,PRK
3399,201608,4,10,LVA
3400,201904,13,38,SVK
3401,201909,2,10,MDA
3402,201901,2,10,IRQ
3403,201610,2,5,TZA
3404,201912,1,8,GIN
3405,201607,8,30,CHE
3406,201805,1,10,FJI
3407,201603,1,10,COG
3408,201609,3,10,LVA
3409,202010,2,20,VEN
3410,202009,6,26,ITA
3411,201704,937,6835,
3412,201608,13,44,BLR
3413,201611,26,76,HUN
3414,201711,186,923,POL
3415,201610,21,116,LTU
3416,201512,73,562,EUR
3417,201612,38,274,DEU
3418,201711,6,24,MEX
3419,201512,3,20,CHN
3420,201811,19,93,CZE
3421,201603,1,20,LBN
3422,201604,4,8,AFG
3423,201804,1,10,ARG
3424,201510,17,63,SVK
3425,201711,7,24,ISR
3426,201912,2,8,LTU
3427,201507,10,238,WST
3428,201610,1,10,ZAF
3429,201808,11,44,GBR
3430,201601,6,15,PHL
3431,201807,23,116,GRC
3432,201706,1,2,KAZ
3433,201605,8,58,ESP
3434,201901,3,10,LUX
3435,201612,7,33,BGR
3436,201811,3,6,MKD
3437,201903,7,28,EST
3438,201909,1,10,LUX
3439,201607,56,282,ESP
3440,201908,3,16,FIN
3441,202003,5,18,LVA
3442,201911,2,12,IRL
3443,201907,2,8,COL
3444,201909,3,7,NOR
3445,201506,1,10,AUT
3446,201503,1,1,IRN
3447,201902,3,10,BRA
3448,201804,2,4,GRC
3449,201701,1,5,VAT
3450,201606,5,22,DZA
3451,201606,2,20,NZL
3452,201707,2,8,VEN
3453,201901,1,4,TUR
3454,202005,21,100,RUS
3455,201906,164,575,POL
3456,202008,2,2,DOM
3457,201608,6,12,NLD
3458,201707,37,136,HUN
3459,201711,36,163,DEU
3460,201804,3,10,AUS
3461,201802,19,94,RUS
3462,201505,733,4950,
3463,201511,7,12,CAN
3464,201802,1,5,LVA
3465,201603,2,10,SWE
3466,201603,38,120,NLD
3467,201512,40,200,LTU
3468,201509,17,88,GBR
3469,201503,12,52,ISR
3470,201605,9,36,SVK
3471,201904,47,248,UKR
3472,201510,13,56,DEU
3473,201512,1,6,IND
3474,201503,8,42,CAN
3475,201604,10,25,KAZ
3476,201711,3,15,AFG
3477,202002,20,71,UKR
3478,201912,14,48,CZE
3479,201907,3,10,JPN
3480,201608,12,51,IRN
3481,201712,7,47,BLR
3482,201712,14,81,LUX
3483,201903,4,12,TWN
3484,201911,2,20,ESP
3485,201804,3,20,ALB
3486,201804,16,34,SYR
3487,201703,1,10,MEX
3488,201612,1,10,PAK
3489,201508,1,10,SWE
3490,201810,6,31,MAR
3491,201908,3,14,MCO
3492,201808,10,43,WST
3493,202003,30,143,UKR
3494,201612,3,20,MKD
3495,201606,55,240,SRB
3496,201606,8,33,EST
3497,202012,1,6,IND
3498,201512,1,2,CHE
3499,201709,6,20,NGA
3500,201607,36,126,CAN
3501,201607,1,4,PER
3502,201606,2,8,PSE
3503,201607,9,34,KWT
3504,201806,1,2,AUS
3505,201605,1,10,AUT
3506,201711,2,4,TUN
3507,201607,4,15,ARE
3508,202004,4,19,GBR
3509,202005,5,18,ITA
3510,202006,12,68,FRA
3511,201704,5,10,EST
3512,201707,155,1073,EUR
3513,201701,7,42,BEL
3514,201610,59,336,FRA
3515,201805,3,25,CHN
3516,201801,4,18,SWE
3517,201804,3,10,COL
3518,201612,5,25,NOR
3519,201805,14,44,ESP
3520,201611,8,35,LTU
3521,201703,3,18,DNK
3522,201505,52,364,EUR
3523,201705,45,197,UKR
3524,201801,9,22,NPL
3525,201502,2,2,SVK
3526,201905,32,148,UKR
3527,201707,4,50,UGA
3528,201503,3,10,PER
3529,201707,29,225,CHN
3530,202012,5,24,CZE
3531,201907,3,4,AZE
3532,201903,603,4224,
3533,201802,2,12,MAR
3534,202011,15,94,DEU
3535,201607,23,76,VAT
3536,201809,7,41,THA
3537,201908,1,10,BRA
3538,201809,6,15,GTM
3539,201910,6,50,CHL
3540,201506,2,10,SEN
3541,201910,2,4,MKD
3542,201708,1,2,SYR
3543,201807,1,8,JAM
3544,201910,2,5,MLT
3545,201605,1,2,CUB
3546,201701,2,10,TUR
3547,202010,2,10,TJK
3548,201606,5,14,LVA
3549,201911,3,10,MKD
3550,202004,1,10,GRC
3551,202006,3,5,JPN
3552,202007,3,10,JPN
3553,202002,1,10,AFG
3554,201708,11,53,CAN
3555,201707,35,108,SVK
3556,201709,12,53,COL
3557,201612,177,867,POL
3558,201512,24,96,DEU
3559,201511,43,169,FRA
3560,201807,10,40,AUT
3561,201604,8,35,SVK
3562,201605,77,377,RUS
3563,201904,27,114,DEU
3564,202002,4,26,MEX
3565,201512,3,5,DNK
3566,201801,4,36,BRA
3567,201912,23,152,RUS
3568,202002,13,18,ISR
3569,201806,9,36,MKD
3570,202012,2,10,COL
3571,201509,1,8,COL
3572,201706,2,20,FJI
3573,201908,42,138,GBR
3574,201911,3,16,LKA
3575,201710,1,5,KNA
3576,201809,6,27,CZE
3577,201903,6,30,SWE
3578,201504,4,20,SRB
3579,201911,2,18,LUX
3580,201901,4,30,MEX
3581,201609,2,10,SAU
3582,202011,1,10,CHN
3583,201906,3,20,TWN
3584,201606,18,95,ESP
3585,202003,1,2,NMR
3586,202010,18,80,HUN
3587,201811,2,3,KOR
3588,201502,2,10,MAR
3589,201602,1,10,IRL
3590,201606,3,13,GRC
3591,201606,5,12,ZAF
3592,201905,4,30,TUR
3593,201507,1,4,NOR
3594,201905,1,5,ZAF
3595,201906,285,1198,USA
3596,202006,2,10,EGY
3597,202008,21,72,LTU
3598,202009,3,9,AFR
3599,202009,5,39,ARG
3600,201611,4,12,BEL
3601,201709,23,116,FRA
3602,201610,8,26,NOR
3603,201803,103,533,EUR
3604,201802,13,80,NLD
3605,201604,72,474,RUS
3606,201507,84,499,UKR
3607,201602,115,587,RUS
3608,201504,207,1109,UKR
3609,201604,9,29,ITA
3610,201807,19,82,DNK
3611,201504,114,361,DEU
3612,201511,21,139,RUS
3613,201604,11,38,CHN
3614,201705,96,588,EUR
3615,201803,6,28,AFR
3616,201603,17,52,EGY
3617,202002,2,20,WST
3618,201603,14,41,EST
3619,201603,2,20,PER
3620,201510,2,10,KAZ
3621,201603,1,10,KAZ
3622,201912,1,10,KAZ
3623,201607,15,55,COL
3624,201912,1,4,MNG
3625,201503,2,6,BEL
3626,201908,16,58,CZE
3627,202011,1,10,NLD
3628,202011,2,10,BGR
3629,201704,2,6,SRB
3630,201503,1,4,PAK
3631,201602,2,20,LUX
3632,201607,6,14,FIN
3633,201702,2,12,MKD
3634,201801,2,10,LBY
3635,201904,2,8,HRV
3636,201607,2,10,SAU
3637,201712,3,10,EST
3638,201801,3,6,ARM
3639,201607,11,58,EGY
3640,201906,1,5,MLT
3641,201812,8,50,FIN
3642,202004,2,2,DNK
3643,202005,10,43,SVK
3644,202005,13,44,CZE
3645,201905,23,141,ITA
3646,202007,9,53,SVK
3647,202009,596,4219,
3648,201611,21,91,BLR
3649,201702,6,43,ITA
3650,201610,16,97,ITA
3651,201502,256,1739,
3652,201601,96,614,GBR
3653,201602,31,119,DNK
3654,201506,37,158,CZE
3655,201512,91,368,USA
3656,201602,118,569,HUN
3657,201602,12,57,GRC
3658,201511,22,124,GBR
3659,201510,15,65,CZE
3660,201804,33,122,DEU
3661,201605,5,12,LTU
3662,201906,4,14,PER
3663,201509,15,72,ESP
3664,201602,6,33,AUT
3665,201909,17,56,FRA
3666,202002,3,4,DNK
3667,201810,40,135,FRA
3668,201702,8,30,NOR
3669,201701,2,7,IRN
3670,201912,26,105,FRA
3671,201907,39,167,UKR
3672,201608,2,12,JPN
3673,201603,1,10,ARE
3674,201507,5,12,NLD
3675,201804,2,9,CAN
3676,201611,2,6,IRQ
3677,201503,2,8,MEX
3678,201510,1,4,AFR
3679,201903,12,46,LBN
3680,201510,1,2,TCD
3681,201504,1,10,BFA
3682,201801,1,2,CHE
3683,201902,1,10,MEA
3684,202012,8,60,GRC
3685,201608,2,16,PSE
3686,201608,1,10,VEN
3687,201806,5,20,SRB
3688,201607,2,10,SRB
3689,201807,1,10,DMA
3690,201905,4,22,WST
3691,201810,2,16,SAU
3692,201906,1,3,CHE
3693,202004,1,10,CAN
3694,202005,11,106,DEU
3695,201906,772,5126,
3696,202006,3,10,ESP
3697,202007,37,294,EUR
3698,202007,5,26,ESP
3699,202008,4,10,SVK
3700,202009,3,30,KOR
3701,201708,652,4333,
3702,201701,80,334,GBR
3703,201506,6,30,HRV
3704,201510,116,454,POL
3705,201511,14,62,ESP
3706,201604,9,50,GRC
3707,201512,49,250,HUN
3708,201505,4,14,CAN
3709,201810,52,396,EUR
3710,201810,6,50,LVA
3711,201602,7,48,HRV
3712,201506,4,8,IRQ
3713,201609,33,93,ISR
3714,201609,3,27,TUR
3715,202002,13,52,CZE
3716,201507,3,18,LVA
3717,201701,13,61,CZE
3718,201709,30,87,CZE
3719,202012,3,10,SYR
3720,201512,3,9,ARM
3721,201901,46,247,RUS
3722,201901,1,10,TUN
3723,201704,4,19,ISR
3724,201912,2,26,BLR
3725,201609,6,24,SRB
3726,201511,2,10,KOR
3727,201612,1,4,MDA
3728,201903,52,349,EUR
3729,201911,7,30,EST
3730,201509,2,8,ARM
3731,201604,2,10,QAT
3732,201905,15,90,BEL
3733,201909,6,33,ALB
3734,201809,1,10,ARG
3735,201606,4,17,LUX
3736,201911,3,8,ARM
3737,201606,5,30,BLR
3738,201510,1,10,JAM
3739,201806,2,10,MAR
3740,201806,3,14,IRQ
3741,202003,2,4,PAK
3742,201903,2,10,COL
3743,201905,2,13,NLD
3744,201704,3,7,QAT
3745,202005,5,20,WST
3746,202006,209,855,USA
3747,202006,5,20,ITA
3748,202009,5,12,TUR
3749,202009,1,10,AUS
3750,201608,4,23,GRC
3751,201611,33,173,UKR
3752,201703,4,13,MMR
3753,201710,31,148,RUS
3754,201802,15,81,PAN
3755,201507,7,51,GBR
3756,201704,39,182,UKR
3757,201704,3,13,CAN
3758,201507,3,8,NZL
3759,201701,45,164,RUS
3760,202001,1,3,AUT
3761,201602,2,8,PER
3762,201604,45,378,BGR
3763,201609,1,10,CYP
3764,201505,2,14,MEX
3765,201603,3,17,CAN
3766,201912,49,179,DEU
3767,201704,2,10,ARM
3768,201812,2,30,BRA
3769,201807,3,26,BRA
3770,201808,10,46,IRL
3771,201912,4,8,MEX
3772,201901,1,2,IDN
3773,201806,8,36,WST
3774,201911,21,80,LTU
3775,201907,4,7,ISR
3776,201909,5,30,JOR
3777,201806,2,13,JOR
3778,201811,12,127,ISR
3779,201705,5,16,AUS
3780,201603,1,10,IRQ
3781,201810,6,48,PRT
3782,201606,12,60,NLD
3783,202010,63,228,USA
3784,201807,2,8,DZA
3785,201504,1,10,DOM
3786,201902,5,31,ITA
3787,202012,4,12,BLR
3788,201901,3,10,LVA
3789,201606,9,30,ISR
3790,201812,2,10,PAN
3791,201707,1,1,ALB
3792,201711,1,2,PER
3793,201812,3,18,ESP
3794,202004,2,5,CHL
3795,202007,3,10,DNK
3796,201611,8,48,ITA
3797,201608,26,98,LTU
3798,201702,20,85,BEL
3799,201702,82,372,DEU
3800,201709,4,24,ISL
3801,201506,91,321,POL
3802,201508,2,8,BOL
3803,201709,3,9,CAN
3804,201709,2,2,BLR
3805,201505,15,59,IRN
3806,201507,7,40,HUN
3807,201505,8,45,CZE
3808,201512,22,88,EST
3809,201509,90,311,HUN
3810,201706,2,2,ISL
3811,201505,7,30,ARM
3812,201702,5,13,ARE
3813,201506,2,10,AUS
3814,201908,28,190,EUR
3815,201904,6,52,MKD
3816,201711,5,25,AFR
3817,201701,11,44,LTU
3818,201509,6,16,MKD
3819,201501,2,20,LTU
3820,201511,6,40,WST
3821,201610,5,20,GRC
3822,202012,477,3675,
3823,201901,15,55,CZE
3824,201503,1,6,SWE
3825,201704,13,86,NLD
3826,201707,5,20,BLR
3827,202001,10,38,BEL
3828,201701,5,14,MEX
3829,201907,15,68,FRA
3830,201901,6,20,EST
3831,201901,17,56,WST
3832,201608,1,4,IRQ
3833,201612,3,5,VAT
3834,201903,4,20,ARE
3835,201804,4,24,SGP
3836,201804,1,10,AFR
3837,201811,13,73,KAZ
3838,201708,2,5,COL
3839,201606,3,6,PAK
3840,201603,3,14,VEN
3841,201609,2,16,THA
3842,201504,1,12,COL
3843,201603,1,4,PRT
3844,201809,6,34,BEL
3845,201606,3,16,KOR
3846,202012,1,20,MCO
3847,202010,2,10,BRA
3848,202001,4,242,CHL
3849,201707,1,10,MYS
3850,201803,5,20,HRV
3851,201607,10,47,HUN
3852,201809,2,12,TWN
3853,202009,2,3,LKA
3854,201812,1,6,KOR
3855,202003,517,3568,
3856,202002,511,3808,
3857,201602,104,420,DEU
3858,201708,5,50,PAN
3859,201708,25,99,GBR
3860,201708,3,13,BRA
3861,201610,219,958,POL
3862,201610,9,41,LUX
3863,201709,58,258,USA
3864,201804,136,605,POL
3865,201601,864,6305,
3866,201507,56,319,EUR
3867,201503,23,64,LTU
3868,201502,12,108,BLR
3869,201706,1,4,PRY
3870,201603,13,120,AFR
3871,201803,47,207,TUR
3872,201601,59,202,BEL
3873,201506,18,67,ITA
3874,201605,148,720,USA
3875,201811,826,5758,
3876,201811,4,28,WST
3877,201904,12,56,LVA
3878,202002,4,20,AZE
3879,201509,1,6,IND
3880,201707,12,55,LTU
3881,201603,4,40,NZL
3882,201505,4,20,AGO
3883,201811,15,44,BLR
3884,201810,19,141,CHN
3885,201806,23,90,RUS
3886,201806,9,38,BGR
3887,201812,2,8,KAZ
3888,201605,3,8,IRL
3889,201902,862,5243,
3890,201810,8,50,BLR
3891,201604,2,7,LVA
3892,201605,2,10,ARM
3893,201703,37,295,MKD
3894,201503,1,5,MLT
3895,201612,1,2,PSE
3896,201509,3,13,LBN
3897,201903,15,219,IRL
3898,201910,5,46,WST
3899,201510,3,4,LAO
3900,201504,1,10,TUR
3901,202001,3,10,WST
3902,201809,2,5,GRC
3903,201909,2,4,AFR
3904,201902,2,20,ARG
3905,201701,5,14,EST
3906,201606,2,20,ARE
3907,201910,4,20,CHN
3908,202004,2,10,SWE
3909,201607,6,24,ARM
3910,201607,1,8,ZMB
3911,202011,1,10,BHR
3912,201607,2,10,HRV
3913,201905,2,7,BGR
