,Actor2CountryCode,MonthYear,Count
0,TUR,202004,4
1,ITA,202007,25
2,TUN,202007,2
3,LVA,202007,3
4,TUR,202007,12
5,VAT,201802,2
6,,201709,2728
7,SVK,201709,372
8,IRN,201701,17
9,DEU,201612,86
10,SVK,201611,428
11,LTU,201601,19
12,USA,201508,71
13,UKR,201505,122
14,CZE,201804,277
15,NLD,201611,16
16,HUN,201702,88
17,UKR,201712,38
18,ISR,201908,11
19,USA,201903,129
20,FRA,201902,7
21,BEL,201707,24
22,UKR,201707,33
23,BEL,201909,14
24,NOR,201901,1
25,NGA,201710,14
26,KAZ,201906,1
27,,201806,2588
28,RUS,202001,40
29,CHE,201704,2
30,ITA,202010,5
31,SRB,201909,10
32,GRC,201909,3
33,HRV,201604,15
34,BGR,201711,18
35,POL,201606,137
36,IRQ,201509,3
37,NGA,201908,1
38,ISR,201601,2
39,RWA,201711,4
40,EST,201807,6
41,AFR,201908,2
42,FRA,202002,6
43,WST,202001,21
44,SEN,201701,5
45,MDA,201802,3
46,NZL,201812,1
47,NOR,201601,1
48,BEL,201908,5
49,SYR,201808,2
50,BEL,202012,57
51,AUS,201710,4
52,SAU,201808,1
53,ARE,201808,4
54,AFG,201905,2
55,HTI,201506,1
56,CHE,202001,2
57,NOR,201504,1
58,CYP,201508,1
59,ESP,201611,1
60,DNK,202011,6
61,JPN,202001,3
62,NOR,201805,1
63,AUS,202011,5
64,VEN,201607,2
65,SDN,201606,4
66,TUR,201908,3
67,VAT,202004,2
68,HRV,201802,2
69,LUX,201610,33
70,LBY,201705,2
71,BEL,201606,80
72,ITA,201706,35
73,DEU,201807,79
74,SVK,201602,375
75,NOR,201803,2
76,ARE,201504,14
77,USA,201504,56
78,AZE,201804,14
79,CHN,201612,10
80,LTU,201702,7
81,GAB,201908,3
82,NGA,201802,1
83,IRN,201805,14
84,PER,201805,11
85,KOR,201901,4
86,CHN,201905,29
87,VNM,201504,19
88,AUT,201906,27
89,IRN,201707,9
90,LUX,201512,8
91,SRB,201701,31
92,CHE,201808,6
93,ISR,201808,49
94,NLD,201504,8
95,JPN,201810,4
96,EUR,201910,73
97,SRB,201910,21
98,CHE,201602,10
99,CHN,201712,9
100,MEX,201702,2
101,LTU,201808,9
102,NGA,201911,1
103,PHL,201805,8
104,PSE,201510,2
105,PSE,201505,2
106,SYR,201710,11
107,DMA,201710,2
108,ARM,201910,19
109,MNG,201605,1
110,SWE,202003,4
111,PRT,201912,3
112,DNK,201602,1
113,PSE,201810,2
114,KOR,201912,3
115,TKM,201905,1
116,PAK,201912,1
117,USA,202005,53
118,DEU,202007,47
119,,201704,2326
120,HUN,201710,122
121,GBR,201801,46
122,ISR,201703,70
123,MKD,201703,19
124,AUT,201706,33
125,KNA,201706,2
126,DEU,201601,184
127,,202011,803
128,SRB,201506,22
129,FIN,201803,7
130,,201911,1738
131,AFG,201611,1
132,ISR,201708,13
133,CHE,201712,1
134,SYR,201901,8
135,FIN,201704,6
136,LBN,201605,3
137,SYR,201504,3
138,HRV,201811,9
139,KAZ,201909,16
140,KOR,201809,1
141,CHE,201903,8
142,LTU,201511,9
143,SRB,201705,13
144,ARM,201507,2
145,AGO,201801,2
146,CZE,201606,234
147,ESP,201906,2
148,CYP,201608,8
149,RWA,201609,2
150,IRQ,201712,5
151,EGY,201811,1
152,MEX,202002,3
153,GRC,202012,2
154,NGA,201505,2
155,SYR,202002,2
156,IRL,201905,1
157,SGP,201605,1
158,AUS,201702,6
159,FJI,201710,1
160,FIN,202012,1
161,NLD,201806,4
162,NZL,201902,1
163,DNK,201606,6
164,CHL,201811,2
165,NOR,201912,1
166,AZE,201606,12
167,CUB,201701,4
168,IRL,201903,9
169,HRV,202004,5
170,SRB,202006,7
171,VNM,202006,1
172,SVK,201704,313
173,FRA,201704,23
174,USA,201704,47
175,AFR,201710,5
176,,201610,3217
177,SYR,201703,10
178,SGP,201611,13
179,GRC,201803,8
180,ARM,201610,8
181,ITA,201711,68
182,LUX,201510,29
183,ARM,201912,58
184,SWE,201706,5
185,CZE,201506,219
186,FRA,201504,21
187,ARM,201604,13
188,USA,201601,65
189,USA,201505,79
190,GBR,201506,83
191,FIN,201503,8
192,DEU,201502,26
193,LUX,201504,1
194,AUT,201804,24
195,HRV,201707,7
196,PSE,201903,6
197,BEL,201609,103
198,JOR,201905,3
199,SYR,201909,7
200,UGA,201901,2
201,HUN,201607,113
202,DNK,201503,3
203,CHN,201807,38
204,SWE,201510,4
205,ITA,201808,19
206,USA,201907,76
207,IRL,201504,3
208,CHE,201807,11
209,LVA,201911,30
210,FRA,201606,70
211,KEN,201706,3
212,BGR,201905,8
213,CUB,201901,7
214,IRL,201711,8
215,IDN,201711,1
216,FIN,201601,3
217,HRV,201907,12
218,ITA,202002,53
219,ISR,202012,2
220,CHE,201503,1
221,BGR,201808,7
222,NZL,201910,1
223,HND,201801,5
224,AFR,201801,12
225,KGZ,201507,3
226,IRN,201506,2
227,SWE,201605,3
228,SYR,201502,2
229,CAN,201912,1
230,VNM,201605,5
231,BLR,201709,1
232,DNK,201601,2
233,PSE,202002,10
234,ESP,202002,7
235,IND,201509,2
236,GHA,201910,1
237,AFR,201612,3
238,SWE,202004,12
239,KOR,202004,1
240,,202006,1627
241,PRT,202005,6
242,DEU,202009,24
243,AUT,202009,68
244,MLT,202009,3
245,GRC,202009,8
246,RUS,201710,69
247,LVA,201801,22
248,POL,201709,43
249,UKR,201801,23
250,DEU,201801,47
251,PER,202005,2
252,DEU,201504,89
253,CZE,201603,90
254,ESP,201503,15
255,KGZ,201708,1
256,DEU,201503,84
257,FRA,201901,15
258,LVA,201609,9
259,LVA,201705,21
260,ARM,201705,1
261,GRC,201511,21
262,AUS,201903,2
263,ALB,201704,12
264,GBR,201905,31
265,NOR,201712,4
266,USA,201909,67
267,UZB,201901,2
268,SGP,201608,2
269,THA,201608,4
270,LTU,201703,3
271,MKD,201706,30
272,WST,201805,17
273,LAO,201712,1
274,EGY,201611,11
275,BGR,201810,17
276,SRB,201511,3
277,MKD,202010,3
278,MKD,201807,2
279,CUB,201603,2
280,UZB,201810,4
281,TUR,201905,18
282,ISR,201605,2
283,EST,201605,13
284,ARM,201901,2
285,BRA,201511,1
286,AUT,201607,38
287,UZB,202012,1
288,SWE,201910,3
289,VNM,201811,5
290,LVA,201507,2
291,JOR,201607,2
292,BOL,201607,1
293,EGY,201510,2
294,NLD,201912,3
295,KAZ,202002,2
296,TTO,201903,3
297,FIN,201710,6
298,NLD,201909,7
299,MKD,201806,8
300,IDN,202001,5
301,TJK,201702,2
302,VAT,201606,3
303,NZL,201912,3
304,AFR,201806,10
305,LTU,201806,6
306,NLD,201903,4
307,IDN,201507,1
308,FIN,201808,1
309,HUN,202003,74
310,DEU,202006,71
311,BLR,202007,5
312,FRA,201803,35
313,BEL,201803,50
314,SRB,201805,9
315,HUN,201703,179
316,EUR,201703,228
317,GBR,201610,92
318,ESP,201704,11
319,SYR,201806,7
320,HUN,201603,171
321,AUT,201508,182
322,SVK,201511,345
323,RUS,201502,68
324,ISR,201511,3
325,WST,201509,12
326,PAN,201805,2
327,AUT,201603,68
328,BGR,201901,14
329,GBR,201707,42
330,SRB,201602,8
331,ISR,201604,7
332,IDN,201704,1
333,IDN,201610,1
334,WST,201712,1
335,POL,201909,84
336,FIN,201608,6
337,NOR,201608,19
338,GBR,201607,222
339,KOR,201608,4
340,AFR,201509,6
341,VNM,201710,12
342,LBN,201611,8
343,HRV,201511,10
344,KEN,201509,7
345,FRA,201907,27
346,CAN,201911,5
347,MLI,201901,14
348,IRQ,201510,4
349,KOR,201808,2
350,TKM,201910,4
351,CAN,201604,1
352,MEX,201504,1
353,OMN,201505,1
354,JPN,201908,1
355,BEL,202003,5
356,DNK,201508,2
357,MKD,201811,1
358,BEL,202010,2
359,KGZ,201705,3
360,LUX,201502,3
361,SDN,201612,1
362,WST,201808,6
363,KOR,201812,2
364,ITA,202006,69
365,CZE,201906,199
366,,201909,1620
367,DEU,201909,62
368,EGY,201704,6
369,ESP,201709,2
370,CAN,201704,31
371,MDA,201610,6
372,COL,201610,10
373,CHN,201801,1
374,BLR,201706,25
375,ESP,201706,16
376,ISR,201706,3
377,BGR,201509,18
378,ITA,201911,23
379,RUS,201712,46
380,CHN,201908,28
381,EUR,201707,171
382,NLD,201707,4
383,FRA,201503,16
384,SYR,201609,21
385,IRL,201602,10
386,BEL,201601,33
387,SDN,201603,1
388,BLZ,201708,1
389,AUT,201901,14
390,UKR,201608,46
391,NGA,201608,2
392,EST,201504,8
393,IDN,201603,5
394,EUR,201812,116
395,ARE,201506,3
396,WST,201711,2
397,SDN,201703,8
398,TWN,201507,6
399,SWE,201808,3
400,ALB,201910,12
401,ESP,201908,4
402,URY,201712,1
403,PSE,202012,2
404,AUT,202002,15
405,ARE,201710,3
406,KWT,201601,1
407,NLD,201808,1
408,GHA,201706,5
409,SAU,201510,2
410,MNG,201602,2
411,KGZ,201602,1
412,CAN,201806,8
413,VAT,201602,1
414,FRA,202011,7
415,MDV,201605,1
416,TUR,201512,2
417,LVA,202011,6
418,LBN,202011,2
419,AFG,201512,1
420,KAZ,201504,1
421,ESP,202008,2
422,THA,201802,2
423,ITA,201610,80
424,GBR,201611,68
425,BLR,201705,5
426,ARM,201612,1
427,IRL,201610,5
428,SVK,201706,250
429,NLD,201505,7
430,SYR,201509,157
431,BGR,201601,11
432,BLR,201601,7
433,CAN,201603,9
434,EUR,201507,103
435,GRC,201603,118
436,USA,201506,73
437,JPN,201712,1
438,HUN,201507,81
439,NLD,201904,7
440,JPN,201707,1
441,IRL,201511,6
442,YEM,201903,5
443,SWE,201604,3
444,RUS,201811,54
445,NZL,201509,12
446,BRA,201601,2
447,HUN,201608,191
448,GBR,201806,67
449,FIN,201707,4
450,CYP,201601,2
451,GRC,201802,5
452,ARE,201611,4
453,ISR,202001,17
454,SYR,202001,5
455,DMA,201701,2
456,CAN,201504,8
457,PAK,201510,4
458,RUS,201711,137
459,PSE,201901,1
460,LTU,201811,20
461,CHE,201911,7
462,PRT,201505,5
463,ISR,201910,5
464,FRA,201910,6
465,NOR,201804,2
466,IRQ,201811,3
467,PAN,201508,1
468,UZB,201910,9
469,ITA,202011,9
470,OMN,201602,3
471,ALB,202001,3
472,VAT,201506,1
473,SYC,201810,9
474,KEN,201605,9
475,LVA,201606,10
476,MLT,201507,1
477,TWN,201607,2
478,CHL,202003,1
479,GEO,201806,5
480,JPN,202005,4
481,BGR,202007,5
482,GBR,202007,62
483,CUB,202007,1
484,AZE,201701,1
485,BGR,201805,128
486,,201611,2699
487,CYP,201610,8
488,AFG,201912,1
489,AUS,201803,5
490,MKD,201505,8
491,HRV,201708,12
492,IRQ,201604,11
493,POL,201707,250
494,USA,201707,65
495,KOR,201506,22
496,IRN,201609,4
497,ESP,201609,64
498,POL,201811,53
499,CYP,201901,2
500,BGR,201508,21
501,VAT,201511,12
502,CHN,202001,15
503,ISL,201805,3
504,CAN,201810,2
505,TUN,201704,7
506,BLR,201704,56
507,AFG,201602,8
508,LUX,201710,10
509,FIN,201802,7
510,THA,201908,9
511,MLI,201908,2
512,EGY,201605,4
513,BEL,201804,24
514,CAN,201512,1
515,EGY,202005,1
516,LVA,201504,3
517,LVA,201812,38
518,UKR,201910,27
519,WST,201806,21
520,ARG,201508,2
521,KGZ,201812,6
522,LCA,201803,1
523,AFR,201601,1
524,FIN,202002,7
525,SWE,202002,4
526,PAK,201801,1
527,SAU,201710,2
528,EGY,201902,9
529,ZWE,201803,3
530,AND,201808,2
531,SRB,201808,2
532,MLT,201603,2
533,MKD,201905,1
534,ALB,201508,1
535,IRL,201607,11
536,JOR,201711,1
537,GBR,202003,15
538,ITA,202005,15
539,,201906,1738
540,MAR,202009,2
541,EUR,201704,115
542,GRC,201805,18
543,,201701,2065
544,BEL,201612,45
545,NZL,201612,2
546,EST,201703,11
547,RUS,201912,65
548,GRC,201706,24
549,HUN,201509,745
550,UKR,201604,73
551,USA,201511,79
552,,201811,2514
553,TUR,201702,3
554,AUS,201908,7
555,HUN,201903,76
556,AUS,201601,6
557,ARE,201612,9
558,MCO,201704,7
559,HRV,201809,6
560,CHE,201809,1
561,KAZ,201507,2
562,MKD,201705,4
563,ESP,202010,3
564,BRA,201902,1
565,NLD,201907,15
566,CAN,201505,2
567,CRI,201711,4
568,AUT,201606,40
569,ISR,201609,17
570,LVA,201707,5
571,ALB,201602,1
572,KOR,201602,2
573,TUR,201604,8
574,IRQ,201806,3
575,CYP,202001,1
576,TUR,201806,7
577,DNK,201708,8
578,AFR,201804,6
579,BLR,201904,4
580,FIN,201610,2
581,GRC,201902,11
582,BRB,201902,2
583,SYR,201812,6
584,BRA,201807,1
585,SYR,202012,1
586,SAU,201912,3
587,BLR,201903,7
588,OMN,201606,4
589,ARM,202011,2
590,CYP,201606,10
591,SVK,202003,250
592,UKR,202004,23
593,FIN,202006,5
594,KAZ,202006,2
595,MLT,201703,21
596,UKR,201803,8
597,BEL,201704,21
598,IRN,201802,14
599,BGR,201709,15
600,KAZ,201709,8
601,GBR,201703,109
602,BEL,201703,30
603,AUT,201705,49
604,EUR,201510,172
605,AUT,201711,47
606,HRV,201912,4
607,EST,201706,9
608,CHL,201807,3
609,URY,201803,2
610,ITA,201902,58
611,POL,201804,126
612,GBR,201911,61
613,AUT,201712,21
614,KOR,201512,15
615,CZE,201502,36
616,KAZ,201503,12
617,SVK,201707,302
618,IND,201903,1
619,BGR,201704,30
620,GRC,201510,20
621,VNM,201807,40
622,TUN,201604,2
623,LVA,201510,13
624,SYR,201701,13
625,LVA,201810,11
626,SDN,201705,2
627,ITA,201907,29
628,ALB,201905,7
629,IRN,201905,2
630,LBY,202001,4
631,EST,201707,8
632,SAU,201705,2
633,BRA,201811,8
634,BGR,201907,17
635,POL,202002,56
636,SRB,201806,33
637,FRA,202003,17
638,ZAF,201509,11
639,BLR,201708,8
640,CHN,201708,6
641,DNK,201611,5
642,PRT,201712,14
643,PSE,201601,2
644,BRB,201510,2
645,SDN,201702,1
646,ISL,201806,2
647,IRQ,201603,2
648,ETH,201608,2
649,CHE,201606,19
650,ISR,201505,2
651,EST,202011,1
652,BRA,201509,1
653,TZA,201606,2
654,CHN,202008,5
655,FRA,202008,7
656,,201603,2967
657,USA,201611,85
658,USA,202012,24
659,IRN,201902,22
660,UKR,201503,77
661,GBR,201503,38
662,SVK,201804,493
663,IRL,201911,8
664,NLD,201506,42
665,FRA,201505,26
666,CUB,201905,2
667,CAN,201809,8
668,TUR,201802,24
669,MDV,201703,3
670,LIE,201705,4
671,PRT,201507,3
672,LTU,202010,13
673,GBR,201907,13
674,GRC,201807,3
675,BEL,201710,18
676,GRC,201911,6
677,NOR,201711,4
678,BGR,201608,73
679,CUB,201705,4
680,BGR,201806,49
681,IDN,201809,3
682,CHE,201906,2
683,LUX,201802,1
684,HRV,201607,7
685,TUR,201507,6
686,USA,201501,2
687,MDA,201903,4
688,ARM,201812,15
689,ZAF,201604,1
690,IRQ,201812,1
691,PAN,201812,1
692,FIN,202010,4
693,ARE,202009,1
694,AND,201806,1
695,BHR,201912,4
696,ARE,201903,6
697,WST,202010,2
698,ARE,201607,6
699,NGA,201607,3
700,SDN,201701,1
701,KWT,201904,1
702,VNM,202003,3
703,CHN,201709,2
704,WST,201908,1
705,ARE,202004,5
706,ESP,202006,8
707,SVK,201907,204
708,LTU,202008,22
709,,201805,2397
710,CHL,201801,3
711,MLI,201801,1
712,ARG,201612,1
713,SRB,201612,19
714,BGR,201610,28
715,,201512,2343
716,WSM,201612,1
717,,201510,2408
718,CZE,201510,253
719,CHE,201610,20
720,ISR,201902,245
721,ITA,201509,97
722,FIN,201911,14
723,WST,201604,18
724,MDA,201604,22
725,IRN,201712,1
726,ISR,201903,18
727,AUT,201506,42
728,TWN,201506,1
729,HUN,201502,38
730,PRT,201705,1
731,USA,201509,59
732,USA,201502,29
733,PAK,201503,2
734,ISR,201905,4
735,CHE,201603,2
736,BGR,201804,9
737,HRV,201608,20
738,DEU,201607,78
739,HRV,201603,2
740,MDA,201707,2
741,AFG,201906,1
742,EST,201503,15
743,IRQ,202001,36
744,CUB,201605,6
745,FRA,201702,5
746,SAU,201603,3
747,MDV,201802,3
748,PRT,201609,16
749,AUS,201503,10
750,ESP,201605,132
751,IRQ,201605,5
752,PAK,201604,1
753,TUR,201502,5
754,JPN,201607,6
755,IRQ,201804,6
756,ARE,201507,2
757,CHL,201506,4
758,BGR,201812,23
759,MKD,201809,1
760,TUR,201708,2
761,AUS,201511,1
762,SWE,201804,1
763,NGA,202011,3
764,VNM,201509,2
765,DNK,201701,2
766,IRL,201507,1
767,BLR,201806,1
768,CHN,202004,10
769,HUN,202006,216
770,MCO,202009,1
771,ITA,201803,965
772,ITA,201802,186
773,MDV,201803,32
774,RUS,201709,30
775,RUS,201801,70
776,HUN,201705,123
777,NMR,201705,1
778,FRA,201912,24
779,PSE,201706,1
780,SVK,201508,405
781,CZE,201902,230
782,GBR,201804,70
783,UKR,201908,16
784,CHN,201509,21
785,LBN,201512,4
786,IRL,201512,7
787,KOR,201509,9
788,DEU,201609,285
789,ITA,201809,32
790,BEL,201809,14
791,ITA,201503,30
792,LVA,201802,5
793,GTM,201701,8
794,LTU,201704,20
795,ALB,201611,5
796,ESP,201809,9
797,MDA,202006,10
798,ZWE,201801,1
799,,201910,1552
800,AFR,201905,2
801,LUX,201503,10
802,PRT,201608,1
803,AND,201707,2
804,AFG,201808,6
805,LSO,202012,2
806,SVK,202002,236
807,ISR,201701,14
808,MAR,201904,1
809,ITA,201910,20
810,VEN,201706,4
811,LTU,201607,13
812,LUX,201806,5
813,BGR,202011,5
814,GBR,202011,16
815,KEN,201809,1
816,AZE,202011,1
817,EGY,201607,1
818,ISL,202003,2
819,NZL,202009,2
820,CZE,201710,208
821,BGR,201802,13
822,HUN,201805,43
823,LUX,201803,9
824,SRB,201610,45
825,VNM,201612,18
826,UKR,201706,99
827,HUN,201511,148
828,FRA,201804,29
829,CZE,201911,250
830,MLT,201611,9
831,SRB,201601,19
832,SAU,201805,17
833,SYR,201511,15
834,CZE,201904,137
835,WST,201901,8
836,IRN,201604,5
837,CZE,201811,144
838,ITA,201905,41
839,SRB,201605,18
840,URY,201510,8
841,,202010,1014
842,EST,201511,22
843,GHA,201612,2
844,KEN,201703,9
845,SVK,201606,451
846,GBR,201606,211
847,BEL,201905,32
848,LBN,201704,2
849,FIN,201908,3
850,NOR,201806,17
851,MDV,202004,5
852,JOR,201505,4
853,SAU,201812,5
854,AUS,201807,1
855,ARM,201809,13
856,SDN,201809,2
857,PER,201609,3
858,PHL,201912,9
859,LTU,201908,3
860,PAN,201912,1
861,TWN,201807,7
862,MDV,201908,3
863,KHM,201801,1
864,AFR,202003,3
865,ISR,202007,3
866,EUR,201803,247
867,KAZ,201802,8
868,BLR,201801,14
869,FRA,201610,64
870,EGY,201803,1
871,WST,201803,3
872,DNK,201803,4
873,,201902,2331
874,EUR,201505,122
875,IND,201508,12
876,YEM,201503,5
877,POL,201508,83
878,KOR,201502,6
879,MDA,201702,2
880,,201712,1667
881,ITA,201908,9
882,CHE,201705,7
883,ARG,201601,9
884,BGR,201904,9
885,LUX,201609,44
886,SYR,201608,16
887,GTM,201608,1
888,GBR,201710,44
889,BEL,201712,19
890,SRB,201810,7
891,WST,201810,8
892,ARE,201508,3
893,USA,201808,114
894,TKM,201909,1
895,NLD,201911,3
896,LUX,201606,14
897,PRK,201609,9
898,SAU,201607,6
899,CHE,201811,6
900,BRA,201810,2
901,CYP,201904,3
902,URY,201604,2
903,NLD,201807,4
904,HRV,201606,10
905,PHL,201905,9
906,FIN,201811,10
907,RUS,201806,64
908,ARM,201909,2
909,IDN,201909,1
910,COG,201708,1
911,QAT,201502,2
912,IRQ,201909,9
913,LUX,201601,3
914,CHE,201812,20
915,HUN,201912,120
916,SDN,201711,1
917,PAN,201810,5
918,ARE,202011,4
919,IDN,201706,1
920,ARG,202002,3
921,SRB,201901,3
922,KHM,202004,1
923,SAS,201601,1
924,DMA,201606,3
925,USA,202003,44
926,HRV,202009,15
927,CZE,201803,274
928,AUT,201803,44
929,SRB,201801,15
930,CYP,201612,34
931,USA,201801,52
932,CZE,201807,147
933,,201504,2143
934,BEL,201603,48
935,SVK,201505,311
936,POL,201602,255
937,USA,201503,62
938,KWT,201512,8
939,MDA,201505,5
940,ETH,201611,8
941,HRV,201504,20
942,ISL,201902,19
943,PRT,201511,2
944,GRC,201908,15
945,MKD,201704,23
946,LTU,201610,2
947,FIN,201905,2
948,ISR,201807,50
949,MYS,201807,1
950,CHN,201906,42
951,LVA,201511,13
952,ESP,201903,6
953,JPN,201503,1
954,SRB,201809,6
955,KEN,201704,3
956,ESP,201911,3
957,CHN,201910,31
958,NOR,201906,5
959,SWE,201812,9
960,VNM,202002,38
961,AZE,202001,4
962,AFG,201503,6
963,MDV,201507,2
964,AFR,201602,4
965,PHL,201811,1
966,BLR,201910,7
967,ARM,201512,2
968,QAT,201603,4
969,ISR,201507,2
970,ECU,201609,5
971,BLR,201809,5
972,SWE,201611,3
973,ISL,201809,1
974,PER,201608,3
975,KOR,201911,2
976,ISL,201701,1
977,NGA,201512,2
978,BGR,202005,10
979,FIN,202007,7
980,AUT,201704,62
981,HUN,201802,113
982,AUT,201802,55
983,SVK,201801,334
984,GBR,201711,47
985,USA,201609,178
986,HUN,201510,333
987,BEL,202005,1
988,LTU,201509,14
989,PHL,201502,9
990,MKD,201604,27
991,LTU,201804,1
992,BLR,201611,90
993,GBR,201508,77
994,CUB,201702,17
995,USA,201708,54
996,EUR,201908,34
997,POL,201812,50
998,BEL,201901,10
999,HRV,201901,10
1000,DEU,201707,38
1001,NLD,201508,5
1002,RUS,201609,157
1003,AUT,201807,18
1004,CZE,201501,5
1005,MEX,201705,6
1006,JOR,201906,2
1007,LBY,201801,9
1008,ARE,201705,1
1009,BEL,201907,18
1010,SVK,201812,338
1011,SEN,201601,4
1012,PSE,201902,4
1013,SSD,201609,5
1014,MLT,201711,8
1015,VAT,201808,4
1016,LVA,201804,10
1017,MDA,201810,1
1018,BLR,201911,3
1019,SYR,201811,6
1020,NGA,201611,5
1021,SWE,201806,6
1022,CYP,201909,1
1023,DMA,201604,1
1024,IRL,201506,1
1025,PRK,201602,1
1026,ARM,201607,4
1027,PHL,201511,1
1028,ALB,201609,2
1029,IDN,201801,1
1030,TUR,202003,28
1031,MNG,201805,4
1032,LBN,201506,2
1033,URY,202002,3
1034,THA,201912,1
1035,BRA,201910,2
1036,GRC,201912,2
1037,AFG,201812,4
1038,GRC,202006,7
1039,CAN,202008,2
1040,USA,201803,174
1041,LVA,201803,2
1042,SWE,201802,4
1043,SVK,201612,296
1044,DEU,201610,114
1045,WST,201611,7
1046,POL,201705,105
1047,PGS,201706,1
1048,QAT,201706,3
1049,ITA,201609,170
1050,CZE,201509,733
1051,RUS,201604,84
1052,GBR,201604,38
1053,IRQ,201503,6
1054,ARM,201803,1
1055,SWE,201506,8
1056,MKD,201601,27
1057,HUN,201911,139
1058,DEU,201611,63
1059,,201901,1568
1060,AUS,201911,2
1061,CYP,201707,5
1062,IDN,201609,6
1063,CHN,201705,64
1064,JOR,201705,1
1065,GRC,201504,30
1066,UKR,201708,16
1067,ISL,201604,6
1068,AUT,201504,35
1069,BEL,201503,24
1070,SVK,201806,365
1071,VNM,201506,25
1072,DMA,201602,1
1073,IDN,201608,2
1074,WST,201609,35
1075,GRC,201707,24
1076,YEM,201707,1
1077,ARE,201804,23
1078,KGZ,201901,1
1079,GRC,201903,4
1080,LUX,201706,7
1081,ZAF,202012,4
1082,MAR,201508,2
1083,UZB,201604,1
1084,BGR,201801,16
1085,EST,201811,8
1086,SDN,201609,1
1087,LVA,201602,4
1088,ESP,201708,21
1089,LBN,201602,3
1090,ESP,201612,8
1091,IDN,201511,3
1092,GRC,201810,4
1093,MDA,201803,3
1094,KAZ,201902,6
1095,TTO,201902,1
1096,PRT,201504,1
1097,MLT,201712,2
1098,GHA,201911,1
1099,TUR,201804,2
1100,FIN,202011,6
1101,IND,202002,1
1102,TWN,201806,2
1103,RUS,202004,45
1104,ARE,202005,4
1105,CAN,201906,43
1106,VEN,202007,13
1107,LTU,202006,6
1108,BEL,202006,11
1109,BEL,202008,53
1110,TWN,202008,7
1111,ITA,202009,25
1112,CHN,201704,9
1113,ITA,201805,78
1114,CHE,201709,3
1115,FIN,201701,6
1116,POL,201612,73
1117,AZE,201705,7
1118,DEU,201912,47
1119,TGO,201709,1
1120,POL,201807,91
1121,RUS,201807,141
1122,MAR,201610,2
1123,BGD,201803,2
1124,RUS,201510,43
1125,SWE,201601,10
1126,NOR,201904,2
1127,PRT,201707,5
1128,TUR,201609,156
1129,OMN,201609,4
1130,LTU,201903,11
1131,GRC,201711,8
1132,BGD,201901,32
1133,AFG,201608,7
1134,POL,201607,166
1135,EGY,201809,4
1136,BEL,201906,19
1137,BLR,202001,3
1138,BLR,201603,8
1139,QAT,201704,1
1140,JPN,201512,3
1141,GBR,202010,14
1142,LTU,201510,5
1143,ISR,201801,7
1144,MNG,201511,2
1145,PAN,201604,4
1146,GBR,202002,61
1147,RUS,201501,4
1148,UKR,202001,9
1149,MEX,201809,2
1150,WST,201910,1
1151,LVA,201910,7
1152,THA,201602,1
1153,VNM,201802,2
1154,PER,201712,1
1155,UGA,201608,1
1156,MWI,201702,1
1157,KGZ,201702,2
1158,FIN,201912,5
1159,PRK,201707,1
1160,UZB,202004,1
1161,GRC,202004,11
1162,GBR,202005,43
1163,MDA,202005,17
1164,SVK,202009,255
1165,SWE,201612,12
1166,GRC,201610,12
1167,MKD,201711,27
1168,LUX,201709,16
1169,ISR,201912,22
1170,,201706,2265
1171,CZE,201605,155
1172,WST,201510,41
1173,SYR,201605,89
1174,HUN,201601,139
1175,SYR,201604,7
1176,DEU,201712,28
1177,ARE,201712,1
1178,PAK,201902,1
1179,USA,201604,44
1180,ARM,201510,5
1181,FRA,201707,46
1182,CZE,201609,354
1183,UKR,201903,35
1184,CHN,201609,9
1185,PRT,201901,3
1186,UKR,201807,165
1187,NPL,201608,2
1188,TWN,201608,2
1189,ZWE,201608,2
1190,ETH,201507,3
1191,EUR,202001,28
1192,DNK,201805,3
1193,LUX,201701,1
1194,TUR,201810,41
1195,HUN,202010,22
1196,HRV,201910,12
1197,EGY,201508,1
1198,FRA,201909,36
1199,ALB,201902,2
1200,CZE,201812,107
1201,WST,201812,2
1202,UGA,201508,3
1203,ZWE,201511,1
1204,LVA,201906,7
1205,HRV,201906,9
1206,JPN,201704,12
1207,EST,201803,12
1208,EST,201711,8
1209,AUT,201812,29
1210,CAN,202002,7
1211,MDV,202005,1
1212,SWE,201606,16
1213,PRT,201607,17
1214,ERI,201510,1
1215,EGY,201507,1
1216,IRQ,201905,1
1217,DJI,201711,1
1218,JOR,201702,4
1219,ESP,201910,2
1220,TKM,201811,1
1221,CUB,201809,3
1222,ALB,201807,7
1223,AFG,201708,3
1224,SRB,201501,1
1225,AUT,202010,4
1226,JOR,201606,1
1227,AFG,201607,5
1228,CZE,202003,118
1229,FRA,202004,7
1230,AFG,202004,5
1231,DNK,202007,4
1232,DZA,202008,2
1233,EUR,201709,224
1234,LTU,201805,15
1235,POL,201703,179
1236,FRA,201703,17
1237,KGZ,201612,5
1238,AUT,201611,20
1239,CYP,201705,13
1240,SVK,201912,238
1241,AZE,201912,72
1242,TUN,201507,8
1243,BLR,202012,9
1244,EUR,201511,150
1245,GBR,201602,83
1246,NOR,201612,9
1247,POL,201504,86
1248,USA,201904,99
1249,BRA,201904,3
1250,EUR,201607,533
1251,FRA,201609,158
1252,MEX,201508,5
1253,NLD,201512,6
1254,HRV,201903,2
1255,SAU,201509,3
1256,HUN,201907,120
1257,DZA,201609,1
1258,WST,201505,3
1259,IDN,201907,2
1260,MEX,201812,2
1261,VAT,201812,4
1262,BLR,201607,8
1263,SDN,201706,4
1264,CHE,201910,2
1265,KAZ,201804,1
1266,BRA,201809,1
1267,UGA,201803,1
1268,SEN,201505,1
1269,TWN,201602,2
1270,NOR,201702,5
1271,CYP,201905,9
1272,NLD,201801,3
1273,IRQ,201606,1
1274,CUB,201502,2
1275,MDV,201701,3
1276,ISL,202010,3
1277,AFG,201902,1
1278,WST,201701,4
1279,BEL,202004,10
1280,JPN,202007,8
1281,RUS,202007,30
1282,SYR,202007,2
1283,VEN,201803,2
1284,EUR,201802,172
1285,AFR,201805,2
1286,BEL,201805,15
1287,HUN,201612,60
1288,USA,201610,77
1289,ARE,201610,6
1290,DEU,201705,70
1291,SVK,201807,300
1292,POL,201505,75
1293,,201507,2225
1294,MKD,201603,58
1295,DEU,201602,122
1296,AUT,201512,21
1297,JPN,201803,1
1298,VEN,201902,25
1299,BGR,201512,54
1300,CAN,201702,17
1301,CHN,201702,11
1302,AZE,201902,9
1303,EUR,201903,167
1304,SVK,201903,474
1305,IRN,201505,6
1306,BEL,201502,29
1307,LTU,201505,16
1308,HUN,201811,123
1309,MKD,201508,2
1310,FRA,201809,15
1311,CYP,201906,7
1312,TUR,201906,8
1313,CHL,201712,1
1314,IRN,201611,83
1315,RUS,201810,128
1316,HUN,201910,64
1317,CUB,201611,20
1318,MYS,201511,3
1319,BLR,201803,5
1320,LBY,201704,1
1321,MLI,201711,3
1322,ALB,201512,1
1323,ITA,201606,52
1324,IRL,201606,3
1325,NLD,201606,27
1326,AUT,201907,16
1327,FIN,201810,1
1328,AUS,201508,2
1329,AFG,201502,2
1330,BRA,201507,2
1331,PER,201905,9
1332,LUX,201708,15
1333,VNM,201607,221
1334,ZAF,201811,1
1335,UZB,201812,1
1336,ESP,201803,1
1337,BLR,201505,2
1338,SWE,201709,3
1339,JPN,201806,3
1340,EGY,201702,4
1341,CYP,201507,2
1342,ARE,202001,2
1343,BLR,201702,4
1344,NZL,201611,2
1345,CHE,202002,6
1346,ARE,202010,2
1347,LBN,202002,5
1348,AFG,202002,1
1349,MLT,201506,1
1350,QAT,202010,2
1351,EST,201806,2
1352,AFG,201703,9
1353,SVK,202006,246
1354,JPN,202006,3
1355,AZE,202007,2
1356,POL,201704,46
1357,LTU,201803,1
1358,ARM,201805,26
1359,BEL,201701,28
1360,COL,201803,3
1361,NLD,201612,3
1362,SYR,201610,14
1363,MDA,201705,3
1364,IRQ,201803,2
1365,LTU,201902,13
1366,PSE,201612,16
1367,NZL,201508,12
1368,NLD,201712,13
1369,DEU,201903,69
1370,AUT,201502,24
1371,,202001,1567
1372,GBR,201901,62
1373,CHE,201904,1
1374,MEX,201707,9
1375,DEU,201510,82
1376,THA,201509,9
1377,USA,201811,78
1378,HUN,201909,85
1379,AFG,201901,1
1380,KEN,201608,2
1381,SAU,201508,11
1382,MDA,201809,3
1383,LVA,201603,8
1384,KOR,201604,2
1385,PSE,201710,12
1386,MDA,201709,11
1387,LVA,201611,19
1388,KAZ,201704,2
1389,NOR,201611,4
1390,MKD,201907,2
1391,HUN,201606,146
1392,ESP,201505,7
1393,CHN,201604,7
1394,ITA,201812,54
1395,HUN,201806,220
1396,MDV,202002,1
1397,AFR,201706,2
1398,MLI,201904,2
1399,LBN,201607,2
1400,DMA,201707,1
1401,MDA,201909,1
1402,DNK,201505,2
1403,AFR,201910,11
1404,LVA,201710,3
1405,BEL,202001,3
1406,PSE,201508,1
1407,KOR,201510,1
1408,CHN,201606,9
1409,HND,201805,4
1410,IRN,201511,1
1411,KOR,201904,1
1412,WST,202011,2
1413,ISL,201503,1
1414,CHE,202004,3
1415,HUN,202005,140
1416,IRN,202007,2
1417,EUR,202008,30
1418,CHE,201803,7
1419,PAK,201612,1
1420,PRT,201610,10
1421,SWE,201711,19
1422,BLR,201703,9
1423,EUR,201706,83
1424,WST,201807,12
1425,SAU,201902,2
1426,CZE,201503,141
1427,CYP,201510,22
1428,AUT,201604,43
1429,UKR,201904,93
1430,SYR,201510,32
1431,KOR,201903,4
1432,ISR,201512,3
1433,SRB,201712,15
1434,CZE,201909,78
1435,PHL,201807,5
1436,USA,201810,86
1437,USA,201605,62
1438,IRL,201710,6
1439,EGY,201609,11
1440,JPN,201605,3
1441,SRB,201509,3
1442,UKR,201812,29
1443,BEL,201806,44
1444,ALB,201906,6
1445,IRL,201802,2
1446,CHE,201504,2
1447,KEN,202002,3
1448,CHE,201609,2
1449,IRL,201510,2
1450,CHN,201502,1
1451,CYP,201709,4
1452,IRL,201604,1
1453,CHE,202011,6
1454,LUX,202011,6
1455,CYP,202009,1
1456,DNK,202009,1
1457,ALB,201606,2
1458,CHN,202010,5
1459,PSE,201509,1
1460,LTU,202003,29
1461,AUS,201701,1
1462,MEX,202003,2
1463,FIN,201709,1
1464,MKD,201504,1
1465,CHE,202006,14
1466,HUN,202007,54
1467,MLT,202006,5
1468,EUR,201906,143
1469,HUN,202008,34
1470,UKR,201802,28
1471,ETH,201705,2
1472,TUR,201703,21
1473,VNM,201703,3
1474,,201708,2076
1475,VNM,201706,33
1476,CHN,201706,17
1477,FRA,201807,14
1478,MDV,201610,1
1479,HUN,201504,66
1480,JOR,201509,4
1481,UKR,201507,127
1482,RUS,201503,160
1483,DEU,201904,50
1484,CAN,201609,48
1485,FIN,201904,1
1486,IRL,201807,3
1487,UKR,201906,53
1488,EGY,201505,5
1489,ISR,201611,9
1490,AFR,202001,4
1491,KOR,201701,2
1492,THA,201611,10
1493,PRT,201809,2
1494,EGY,201711,3
1495,VAT,201710,4
1496,UKR,201606,37
1497,SRB,201606,61
1498,CHN,201503,4
1499,EST,201704,6
1500,USA,202002,86
1501,CYP,201808,3
1502,PHL,201806,125
1503,AFG,201804,2
1504,ALB,201811,6
1505,WST,201809,1
1506,CUB,201808,3
1507,KOR,201709,2
1508,MDA,201507,1
1509,LTU,201708,2
1510,CYP,201804,5
1511,NLD,202011,8
1512,MYS,201510,1
1513,MEX,201804,1
1514,MAR,201605,3
1515,MYS,201702,1
1516,IRN,201512,3
1517,CHE,202010,1
1518,ISL,201912,2
1519,MYS,202003,2
1520,HRV,202006,16
1521,TUR,202008,5
1522,ZAF,202008,2
1523,AUT,202008,12
1524,CHN,202009,10
1525,SVK,201909,232
1526,URY,201704,1
1527,GUY,201803,1
1528,KGZ,201802,4
1529,GBR,201701,83
1530,NOR,201610,2
1531,DNK,201610,6
1532,LVA,201604,28
1533,,201505,2042
1534,CZE,201508,157
1535,ITA,201512,30
1536,EUR,201502,35
1537,HUN,201604,106
1538,DEU,201911,95
1539,CYP,201908,2
1540,MLT,201702,13
1541,PAK,201507,2
1542,CUB,201511,5
1543,FRA,201906,48
1544,FIN,201805,10
1545,MEX,201701,7
1546,IRL,202010,4
1547,BGR,201511,25
1548,MAR,201807,4
1549,SYR,201602,6
1550,CYP,201711,14
1551,HRV,201702,11
1552,SWE,201603,2
1553,MDA,201908,2
1554,LVA,201605,15
1555,JPN,201701,5
1556,NZL,201807,7
1557,DOM,201805,3
1558,IRL,201509,5
1559,DNK,201509,4
1560,CYP,201504,3
1561,BRA,201512,6
1562,CIV,201507,1
1563,AZE,201503,1
1564,EUR,201501,2
1565,MKD,201502,2
1566,NOR,201903,2
1567,MDV,201910,3
1568,ZAF,201910,2
1569,ARE,201806,4
1570,BLZ,201503,1
1571,ARG,202012,2
1572,KOR,202003,4
1573,NGA,201606,1
1574,PRT,202003,10
1575,DNK,202006,10
1576,SYR,201803,2
1577,FRA,201805,18
1578,KEN,201805,1
1579,CYP,201701,10
1580,ITA,201701,38
1581,GRC,201705,15
1582,UKR,201705,33
1583,IRN,201706,4
1584,BLR,201602,5
1585,,201503,1925
1586,AUT,201507,90
1587,SVK,201605,423
1588,VNM,201512,6
1589,ITA,201611,29
1590,MLT,201612,17
1591,FRA,201708,64
1592,ESP,201902,8
1593,HUN,201904,81
1594,CZE,201901,110
1595,BEL,201510,43
1596,KGZ,201609,2
1597,SOM,201605,29
1598,VNM,201904,2
1599,AUS,201905,16
1600,UKR,201901,62
1601,KHM,201608,2
1602,GRC,201608,12
1603,CYP,201505,1
1604,BRA,201508,3
1605,IRQ,201707,3
1606,BGR,201906,17
1607,MKD,201712,1
1608,PNG,201605,3
1609,BLR,201810,8
1610,VNM,201704,6
1611,GTM,201907,2
1612,NOR,201605,5
1613,MLT,201808,8
1614,IRN,201909,2
1615,ESP,201606,34
1616,MKD,201910,17
1617,PRT,201910,3
1618,SYR,201910,7
1619,LVA,201901,1
1620,SLV,201711,1
1621,VNM,201804,13
1622,DNK,201704,2
1623,ISR,201904,1
1624,BLR,201812,3
1625,WST,201511,2
1626,LUX,201607,19
1627,IND,201802,2
1628,ALB,201603,6
1629,AUS,201507,1
1630,VAT,201502,3
1631,MCO,201610,2
1632,PAN,201510,4
1633,KOR,202011,2
1634,KGZ,201912,1
1635,PAK,202002,2
1636,SRB,201912,8
1637,LTU,202011,2
1638,SYR,201606,9
1639,BGR,202003,4
1640,BGR,201903,5
1641,NZL,202005,1
1642,CZE,202007,74
1643,COL,202006,3
1644,AFR,202008,2
1645,MDV,202008,4
1646,DEU,201704,53
1647,UKR,201704,44
1648,SWE,201805,10
1649,CZE,201706,199
1650,RUS,201605,98
1651,RUS,201504,407
1652,DEU,202012,9
1653,SYR,201508,121
1654,NLD,201601,13
1655,HUN,201908,46
1656,ISR,201802,13
1657,RUS,201904,56
1658,BEL,201511,30
1659,NLD,201705,23
1660,AUT,201811,19
1661,EUR,201905,149
1662,SVK,201809,402
1663,HTI,201608,2
1664,ESP,201502,3
1665,IDN,201602,1
1666,SVK,201810,495
1667,SWE,201907,1
1668,DEU,201606,161
1669,PER,201510,11
1670,NLD,201908,2
1671,SEN,201512,4
1672,VNM,201702,8
1673,GRC,201811,11
1674,EGY,201504,3
1675,KAZ,201812,3
1676,PSE,201904,2
1677,NLD,201602,7
1678,FIN,201612,4
1679,CAN,201612,11
1680,SYR,201708,1
1681,MLT,202002,2
1682,IRQ,201809,1
1683,NZL,201702,1
1684,KAZ,201511,1
1685,MYS,201806,7
1686,CHL,201607,5
1687,USA,202004,55
1688,SRB,202004,1
1689,SYC,202005,1
1690,EUR,202007,57
1691,LTU,201802,3
1692,USA,201802,93
1693,CZE,201709,320
1694,VNM,201709,50
1695,MKD,201805,6
1696,ITA,201612,25
1697,SVK,201610,515
1698,NZL,201610,2
1699,HUN,201706,104
1700,MKD,201803,1
1701,SVK,201512,328
1702,AUT,201505,30
1703,CHE,201506,13
1704,NGA,201601,2
1705,NLD,201510,7
1706,GBR,201603,68
1707,LTU,201705,16
1708,TJK,201705,1
1709,NIC,201903,2
1710,USA,201905,203
1711,USA,201901,39
1712,SWE,201508,8
1713,IRL,201706,5
1714,CYP,201805,9
1715,BGR,201701,8
1716,AUT,202001,12
1717,FRA,201810,102
1718,DEU,201810,89
1719,PHL,201810,1
1720,USA,202010,40
1721,CHN,201907,154
1722,KOR,201603,4
1723,AFR,201604,3
1724,IND,201507,2
1725,OMN,201710,6
1726,MYS,201908,3
1727,SYC,201609,22
1728,MDA,201910,23
1729,HTI,201705,2
1730,IRL,201810,1
1731,BLR,201808,1
1732,DNK,201507,4
1733,CHE,201505,6
1734,AUS,201812,41
1735,GIN,201503,2
1736,BEL,201607,54
1737,IRN,201806,19
1738,SYC,201509,3
1739,FRA,201603,4
1740,CAN,201602,1
1741,UKR,201912,44
1742,MEX,201908,1
1743,AZE,201509,2
1744,AFG,201907,27
1745,ISL,201903,1
1746,HRV,201710,5
1747,POL,202011,48
1748,CAN,201507,1
1749,HRV,201612,2
1750,EGY,201907,1
1751,CYP,201605,1
1752,BLZ,201703,1
1753,AUS,201606,1
1754,GBR,202004,33
1755,CHN,202005,19
1756,,201905,1700
1757,,202007,1165
1758,LBN,202006,5
1759,WST,202009,3
1760,,201803,8209
1761,DEU,201803,119
1762,DEU,201710,55
1763,SVK,201710,352
1764,,201702,2420
1765,CZE,201805,193
1766,ARE,201802,23
1767,BGR,201612,16
1768,CHN,201611,122
1769,MLT,201610,6
1770,CUB,201610,1
1771,NLD,201610,12
1772,ALB,201912,5
1773,NOR,201706,6
1774,POL,201509,474
1775,FIN,201510,23
1776,GRC,201602,175
1777,ARE,201603,10
1778,IRN,201803,5
1779,PAK,201611,2
1780,CAN,201712,8
1781,ISR,201508,6
1782,BLR,201508,3
1783,CYP,201602,9
1784,ITA,201504,39
1785,CUB,201811,8
1786,VEN,201905,17
1787,MDA,201602,15
1788,BRA,201608,8
1789,NZL,201608,5
1790,GRC,201604,12
1791,BEL,201706,15
1792,CHN,201707,17
1793,LBY,201712,13
1794,HUN,201810,81
1795,MDV,202010,1
1796,BEL,201812,30
1797,GAB,201803,2
1798,ISR,201603,3
1799,DNK,201609,9
1800,NOR,201704,14
1801,EGY,201901,6
1802,AFG,201508,2
1803,MCO,201701,1
1804,ISR,201509,4
1805,EUR,201806,150
1806,MKD,202001,3
1807,IRQ,201504,4
1808,ETH,201602,2
1809,MKD,201801,1
1810,CAN,201607,1
1811,AFR,201609,9
1812,KEN,201602,2
1813,PAN,201708,1
1814,FIN,201909,2
1815,EST,201804,2
1816,DEU,202011,10
1817,TWN,201804,1
1818,MDV,201608,1
1819,DEU,202005,51
1820,IRL,202005,1
1821,AUS,202006,1
1822,KOR,202006,2
1823,CHE,202009,1
1824,USA,201703,89
1825,MEX,201709,4
1826,BLR,201610,7
1827,PSE,201709,9
1828,,201912,1782
1829,DEU,201511,52
1830,USA,201512,61
1831,ISR,201506,20
1832,DEU,201604,55
1833,SVK,201902,446
1834,AUT,201510,78
1835,SOM,201509,2
1836,EST,201611,12
1837,FRA,201611,41
1838,NOR,201902,3
1839,TUR,201504,36
1840,MDV,201904,3
1841,DEU,201804,70
1842,IND,201512,3
1843,POL,201609,255
1844,VNM,201905,6
1845,DNK,201809,5
1846,IRL,201901,3
1847,COG,201604,5
1848,ZMB,201705,6
1849,ARM,201903,30
1850,NLD,201507,9
1851,DNK,201810,2
1852,BEL,201505,16
1853,MDA,201611,4
1854,AUT,201909,33
1855,DNK,201907,1
1856,DEU,201812,36
1857,IRQ,201808,12
1858,CHE,201909,2
1859,BEL,201711,10
1860,SRB,201710,7
1861,AFG,201802,2
1862,MUS,201802,22
1863,DEU,201910,52
1864,SWE,201905,4
1865,ALB,201908,6
1866,QAT,201609,3
1867,BRA,201804,2
1868,AFR,201711,9
1869,WST,201702,15
1870,NLD,201812,3
1871,JPN,201801,9
1872,SDN,201810,2
1873,PER,201604,2
1874,AFR,202002,1
1875,USA,201607,57
1876,IDN,201605,2
1877,CHN,201804,10
1878,CYP,201607,7
1879,CHE,201509,1
1880,PSE,201610,1
1881,ISR,202003,7
1882,KOR,201810,4
1883,UKR,202011,17
1884,JPN,201508,1
1885,CUB,201806,2
1886,DNK,201812,3
1887,COL,201807,5
1888,FRA,202001,13
1889,HRV,201806,8
1890,MDV,201606,1
1891,NLD,202003,2
1892,COL,201703,1
1893,,202003,2034
1894,SAU,202006,1
1895,RUS,202008,254
1896,CZE,201703,249
1897,HRV,201703,18
1898,PHL,201703,4
1899,ESP,201705,4
1900,BLR,201912,12
1901,EUR,201604,96
1902,AZE,201602,5
1903,HRV,201507,6
1904,ITA,201510,39
1905,FRA,201911,12
1906,POL,201506,94
1907,SYR,201503,6
1908,NLD,201708,26
1909,UKR,201603,94
1910,TUR,201603,24
1911,QAT,201508,1
1912,CYP,201509,23
1913,HRV,201609,26
1914,SEA,201609,2
1915,PSE,201905,2
1916,USA,201608,69
1917,WST,201506,11
1918,MKD,201906,27
1919,ITA,201810,47
1920,CAN,201909,6
1921,AUT,201702,39
1922,MEX,201801,4
1923,LBY,201609,16
1924,CHE,201905,5
1925,AFR,201712,4
1926,HRV,201810,6
1927,HUN,202002,62
1928,MLT,201812,18
1929,ITA,201607,39
1930,WST,201905,13
1931,TWN,201909,2
1932,PER,201804,3
1933,PRK,201706,1
1934,DZA,201605,1
1935,ISR,201602,2
1936,EST,202002,4
1937,DNK,201903,1
1938,NOR,201705,1
1939,AFG,201604,1
1940,ALB,201806,1
1941,UGA,201603,1
1942,BGD,201711,1
1943,IDN,201812,13
1944,ARM,201511,1
1945,GTM,201606,1
1946,SAU,201507,1
1947,ARG,202011,1
1948,ARE,201601,2
1949,NOR,201607,10
1950,GRC,201808,1
1951,IRN,201908,1
1952,FIN,202004,2
1953,CZE,202005,210
1954,SRB,202005,7
1955,AUT,202007,19
1956,CYP,202006,1
1957,CHN,202006,1
1958,,201908,1323
1959,UKR,202009,132
1960,MKD,201710,5
1961,CZE,201802,249
1962,PRT,201701,6
1963,CZE,201610,221
1964,VNM,201705,12
1965,SVK,201510,293
1966,IRQ,201610,4
1967,POL,201512,164
1968,MKD,201602,95
1969,EUR,201902,217
1970,AUT,201601,27
1971,SVK,201911,231
1972,CHN,201505,24
1973,GBR,201512,81
1974,BRA,201712,2
1975,GBR,201908,84
1976,ARM,201911,10
1977,MYS,201505,5
1978,MKD,201506,19
1979,UKR,201510,38
1980,MLT,201601,3
1981,VEN,201901,2
1982,ITA,201707,24
1983,AUT,201503,17
1984,TUR,201510,23
1985,FRA,201510,16
1986,AZE,201511,3
1987,IRN,201711,4
1988,MAR,201901,2
1989,AUT,201608,33
1990,LUX,201506,14
1991,LVA,201907,8
1992,TUN,201508,2
1993,EGY,201910,2
1994,MKD,201804,12
1995,QAT,201804,2
1996,ITA,201502,5
1997,NZL,201903,13
1998,AZE,201904,2
1999,AFG,201511,5
2000,CAN,201502,3
2001,PHL,201503,2
2002,CHL,201907,1
2003,ESP,201806,7
2004,SVK,202011,89
2005,DNK,201801,2
2006,NPL,201912,1
2007,PRT,201803,3
2008,KWT,202010,2
2009,ARG,201804,1
2010,JPN,202003,5
2011,UZB,201905,2
2012,CYP,202003,47
2013,MCO,201710,2
2014,TWN,202009,9
2015,CUB,202009,3
2016,ARE,201803,6
2017,,201710,2536
2018,GRC,201701,5
2019,UZB,201701,6
2020,SVK,201711,294
2021,AUT,201912,16
2022,LUX,201912,3
2023,,201807,1979
2024,IRQ,201512,54
2025,SRB,201504,33
2026,HUN,201602,369
2027,AFG,201509,8
2028,FRA,201506,73
2029,CAN,201804,30
2030,ITA,201603,43
2031,EUR,201508,84
2032,ISR,201901,27
2033,IDN,201901,1
2034,TUR,201904,12
2035,MLT,201511,3
2036,JPN,201904,33
2037,MEX,201711,83
2038,CZE,201809,195
2039,SAU,201601,5
2040,PRK,201705,14
2041,ARE,201906,4
2042,EGY,201805,9
2043,SWE,201810,1
2044,CUB,201810,2
2045,MLI,201512,2
2046,IRL,201503,3
2047,CHE,201710,7
2048,MKD,201609,9
2049,CHE,201604,6
2050,FIN,201509,19
2051,ALB,201503,9
2052,EST,201906,8
2053,SEA,201711,1
2054,TUR,202002,25
2055,MYS,201507,4
2056,DNK,201911,7
2057,CHN,201607,10
2058,TWN,201812,4
2059,ZMB,201808,1
2060,NZL,201811,5
2061,PRK,201710,16
2062,AFG,201806,5
2063,HUN,202011,40
2064,EUR,202011,11
2065,CYP,202010,4
2066,LVA,202002,2
2067,EST,201905,1
2068,ARM,201606,3
2069,BGR,202010,1
2070,ARM,201804,5
2071,PAN,201903,1
2072,BLR,202006,10
2073,CHE,202008,1
2074,FRA,201701,31
2075,SVK,201608,375
2076,GRC,201503,39
2077,WST,201610,13
2078,GBR,201712,9
2079,MLT,201809,20
2080,ITA,201906,20
2081,WST,201710,2
2082,IRQ,201705,12
2083,FRA,201712,14
2084,DJI,201503,12
2085,ARE,201604,4
2086,POL,201810,79
2087,BLR,202010,72
2088,HRV,201812,60
2089,HRV,201611,8
2090,FIN,201902,14
2091,WST,201606,8
2092,ESP,201907,12
2093,MEX,201808,2
2094,EUR,202002,88
2095,EST,201904,3
2096,ESP,201912,7
2097,DMA,201910,2
2098,CYP,201710,3
2099,DNK,201806,1
2100,SAU,201911,1
2101,BGR,201909,2
2102,AFG,201702,8
2103,IRL,202011,2
2104,IRL,201701,4
2105,MLT,201503,2
2106,SAU,201711,2
2107,SDN,201901,1
2108,EST,201607,9
2109,LIE,201607,1
2110,BLR,201908,2
2111,ALB,202004,1
2112,MNG,202007,1
2113,MLT,202008,3
2114,SVK,201805,335
2115,TJK,201802,2
2116,,201801,1907
2117,ITA,201801,51
2118,CUB,201802,10
2119,POL,201701,58
2120,BGR,201703,38
2121,NGA,201612,5
2122,BRA,201803,1
2123,AUS,201612,4
2124,BEL,201807,28
2125,,201509,4742
2126,SWE,201503,9
2127,AUT,201509,199
2128,POL,201503,66
2129,ARE,201511,17
2130,FJI,201911,1
2131,QAT,201708,2
2132,BEL,201708,21
2133,CYP,201708,4
2134,HRV,201804,3
2135,SYR,201507,21
2136,HRV,201904,4
2137,IRQ,201904,3
2138,RUS,201707,25
2139,VNM,201604,2
2140,MKD,201903,2
2141,PRT,201711,5
2142,ESP,201909,15
2143,ESP,201507,11
2144,IRL,201608,19
2145,ESP,201703,10
2146,HRV,201807,3
2147,AFR,201701,1
2148,ISR,201906,3
2149,CAN,201903,2
2150,GBR,201502,13
2151,ARG,201510,2
2152,AFG,201507,5
2153,AUT,201910,17
2154,EUR,201808,83
2155,POL,201808,118
2156,SYR,201704,4
2157,TUR,201601,10
2158,IRN,201612,10
2159,BLR,201606,30
2160,LAO,201609,2
2161,DMA,201704,1
2162,NOR,201511,7
2163,UKR,201806,73
2164,SWE,201803,10
2165,ARM,201801,79
2166,WST,201904,6
2167,KAZ,201811,41
2168,NOR,201506,4
2169,CZE,201806,298
2170,CHE,201607,6
2171,ISR,201809,11
2172,KOR,201803,2
2173,LKA,201711,1
2174,MEX,201507,2
2175,PSE,201806,6
2176,ARE,201602,1
2177,LUX,202003,2
2178,UKR,202006,42
2179,CAN,202006,3
2180,SVK,201906,268
2181,RUS,201908,64
2182,CAN,201802,15
2183,CZE,201701,163
2184,HUN,201701,58
2185,JOR,201612,3
2186,THA,201610,2
2187,JPN,201912,2
2188,,201707,1993
2189,CZE,201507,161
2190,EUR,202012,52
2191,FRA,201511,128
2192,VNM,201508,3
2193,POL,201502,40
2194,RUS,201911,55
2195,CAN,201709,2
2196,ITA,201708,39
2197,SRB,201911,2
2198,WST,201503,19
2199,IRN,201901,15
2200,POL,201905,75
2201,ITA,201608,76
2202,AUS,201608,5
2203,TUR,201607,136
2204,CHE,201802,15
2205,LVA,201706,10
2206,GBR,201501,4
2207,ALB,201701,6
2208,BLR,201712,1
2209,IRL,201605,10
2210,IRL,201508,6
2211,UZB,201704,2
2212,CHN,201602,12
2213,MCO,201709,1
2214,FIN,201506,14
2215,KAZ,201611,5
2216,AZE,201711,2
2217,TUR,201911,26
2218,SRB,201811,17
2219,THA,202002,2
2220,UKR,202002,8
2221,AUS,202001,9
2222,CAN,201904,6
2223,AUS,201904,1
2224,CYP,202002,6
2225,AZE,201905,1
2226,AZE,201708,1
2227,MMR,201908,2
2228,CAN,202003,3
2229,MKD,201812,3
2230,MAR,201907,2
2231,BLZ,201702,2
2232,PAK,201702,1
2233,IRN,201808,4
2234,MDV,202001,1
2235,THA,201607,5
2236,JPN,201807,4
2237,AUT,202004,36
2238,ITA,202004,59
2239,TUR,202005,3
2240,FIN,202005,1
2241,HUN,202009,56
2242,PRT,202009,1
2243,GBR,201704,110
2244,SYR,201805,1
2245,DEU,201703,41
2246,BLR,201612,16
2247,FRA,201705,52
2248,BEL,201705,45
2249,UKR,201610,55
2250,PRT,201703,13
2251,SVK,201509,695
2252,GRC,201601,50
2253,VNM,201611,8
2254,USA,201702,44
2255,EST,201601,10
2256,SWE,201911,3
2257,BGR,201604,37
2258,BGR,201707,6
2259,ESP,201711,18
2260,LVA,201905,65
2261,DNK,201901,3
2262,GBR,201807,37
2263,TUR,201605,19
2264,NZL,201906,5
2265,QAT,201511,8
2266,SWE,201906,2
2267,AUT,201810,47
2268,KGZ,201704,3
2269,ARM,201611,16
2270,NOR,201909,2
2271,HUN,201711,61
2272,SSD,201703,3
2273,ARG,201712,2
2274,DMA,201804,1
2275,ERI,201806,4
2276,KAZ,202001,10
2277,BLR,201701,4
2278,LTU,201701,2
2279,TUR,201812,13
2280,PSE,201911,2
2281,AFR,201504,1
2282,MDV,201809,2
2283,ESP,201608,5
2284,MEX,201909,1
2285,ALB,201804,8
2286,ARE,201810,1
2287,ARM,201806,8
2288,QAT,201906,1
2289,NOR,201807,1
2290,BLR,201604,2
2291,CYP,201903,1
2292,NLD,201905,7
2293,SGP,201804,1
2294,NOR,202005,1
2295,AUS,202007,7
2296,LBN,202008,8
2297,SLE,202008,2
2298,SVK,201802,643
2299,POL,201802,66
2300,NLD,201805,16
2301,CYP,201803,5
2302,BRA,201703,6
2303,BEL,201610,70
2304,RUS,201610,68
2305,ESP,201610,11
2306,VAT,201912,5
2307,NIC,201610,4
2308,POL,201601,98
2309,HUN,202012,40
2310,DEU,201512,74
2311,HUN,201508,129
2312,IDN,201803,1
2313,LUX,201509,86
2314,LUX,201611,3
2315,BEL,201702,22
2316,RUS,201702,58
2317,SVK,201901,216
2318,CHN,201911,22
2319,GRC,201904,3
2320,FIN,201705,6
2321,NOR,201609,7
2322,GBR,201811,36
2323,RUS,201909,100
2324,THA,201909,3
2325,VNM,201809,18
2326,AFR,201511,13
2327,FRA,201508,19
2328,GBR,201605,444
2329,ESP,201603,19
2330,TKM,201805,4
2331,NAM,201707,2
2332,VNM,201903,4
2333,FRA,201512,19
2334,CYP,201611,7
2335,LTU,201603,8
2336,SYR,201505,2
2337,PRT,201604,12
2338,KOR,201503,2
2339,SVK,202010,166
2340,ESP,201510,6
2341,IRN,201702,9
2342,SAU,201802,1
2343,LTU,201710,5
2344,AFR,201512,2
2345,UGA,201602,15
2346,DNK,201706,8
2347,UZB,201609,3
2348,WST,201603,4
2349,LVA,201702,1
2350,MKD,201509,3
2351,SWE,201811,6
2352,MAR,201602,1
2353,ARG,201504,1
2354,MDA,201905,2
2355,GRC,201906,5
2356,AFG,201809,2
2357,PRT,202002,3
2358,MLT,201912,8
2359,KAZ,201708,1
2360,EST,202003,13
2361,CYP,201810,5
2362,MDV,201806,1
2363,ITA,201501,3
2364,NPL,201605,1
2365,MDA,201806,1
2366,LBY,201507,1
2367,NZL,201709,1
2368,JPN,201812,2
2369,CZE,202004,84
2370,,201904,1901
2371,ESP,202004,5
2372,MEX,202005,2
2373,HUN,201704,108
2374,AFR,201803,3
2375,MLT,201802,6
2376,WST,201709,9
2377,AFG,201612,4
2378,POL,201511,96
2379,FIN,201507,21
2380,LVA,201509,26
2381,CHN,201902,62
2382,RUS,201902,149
2383,BLR,201902,13
2384,EST,201902,20
2385,CYP,201911,23
2386,DEU,201901,40
2387,LUX,201707,29
2388,EGY,201707,15
2389,UKR,201609,174
2390,PRK,201608,2
2391,PSE,201809,2
2392,ARM,201802,4
2393,SVK,202001,209
2394,CHN,201508,23
2395,MDV,201508,2
2396,CAN,201711,5
2397,ARE,201711,2
2398,KHM,201908,3
2399,NPL,201609,2
2400,BEL,201910,18
2401,AFR,201603,1
2402,VAT,201804,6
2403,LBR,201711,3
2404,KAZ,201905,8
2405,MLI,201611,2
2406,LVA,201708,2
2407,GTM,201509,2
2408,VAT,201609,1
2409,MDA,201808,1
2410,MLT,201907,1
2411,DMA,201709,1
2412,LBN,201712,1
2413,FIN,202009,1
2414,CAN,201902,5
2415,MEX,201901,1
2416,CHE,201701,2
2417,MDA,201801,1
2418,VCT,201507,1
2419,PAN,201503,1
2420,AUT,202003,28
2421,IRL,202007,14
2422,LVA,202008,3
2423,WST,201704,31
2424,DEU,201701,32
2425,SVK,201703,509
2426,JPN,201703,16
2427,GRC,201703,4
2428,SRB,201703,32
2429,CHN,201610,124
2430,EGY,201801,1
2431,SEN,201801,1
2432,VNM,201610,1
2433,NOR,201801,3
2434,EUR,201807,82
2435,ARG,201902,4
2436,YEM,201902,2
2437,DEU,201508,48
2438,USA,201507,70
2439,SVK,201811,357
2440,IRN,201603,21
2441,EST,201602,5
2442,EUR,201609,1369
2443,CHE,201901,8
2444,USA,201807,75
2445,HUN,201906,94
2446,FRA,201710,29
2447,GBR,201906,43
2448,USA,202001,55
2449,CAN,202010,19
2450,SVK,201808,302
2451,UKR,201808,189
2452,CHE,201703,1
2453,UZB,201902,1
2454,RUS,201907,79
2455,SRB,201508,12
2456,MLT,201605,9
2457,FIN,201511,4
2458,LUX,201605,4
2459,RWA,201608,2
2460,CAN,201811,7
2461,AFG,201505,7
2462,ECU,201701,2
2463,LTU,201602,3
2464,AFR,201607,7
2465,MEX,201605,2
2466,FIN,202003,1
2467,LVA,201607,15
2468,AGO,201509,1
2469,MDA,201912,17
2470,SAU,201712,1
2471,JOR,201807,1
2472,ISR,202010,2
2473,AZE,202009,3
2474,IRL,202002,2
2475,BGD,202002,1
2476,AGO,201505,1
2477,SVK,202004,176
2478,LVA,202005,3
2479,CZE,202008,74
2480,PSE,201703,15
2481,SWE,201703,1
2482,ISL,201705,1
2483,GRC,201509,62
2484,UKR,202012,15
2485,SYR,201506,11
2486,USA,201804,117
2487,SYR,201612,35
2488,NLD,201702,4
2489,CHE,201708,5
2490,POL,201903,77
2491,BGR,201911,11
2492,BEL,201605,48
2493,EUR,201901,71
2494,SWE,201707,3
2495,SWE,201512,24
2496,EST,201507,10
2497,RUS,201608,421
2498,UKR,201711,45
2499,ITA,201712,40
2500,ALB,201909,5
2501,KOR,201906,13
2502,AUT,201903,36
2503,RUS,201812,291
2504,TUR,201907,10
2505,UZB,201507,6
2506,ITA,201909,33
2507,TWN,201711,2
2508,HRV,201510,19
2509,MEX,201509,5
2510,USA,201606,66
2511,IRN,201606,2
2512,VNM,201908,3
2513,USA,201910,70
2514,KOR,201811,4
2515,DNK,202002,3
2516,JOR,201504,2
2517,CAN,201908,2
2518,AZE,201903,14
2519,DNK,201605,1
2520,PSE,201511,2
2521,TWN,201902,7
2522,WST,201507,1
2523,BRA,201706,2
2524,SGP,201806,4
2525,AUS,201711,10
2526,MCO,201808,2
2527,LVA,202004,7
2528,DNK,202004,2
2529,FRA,202006,11
2530,NOR,202006,3
2531,HRV,202008,13
2532,SYR,202008,1
2533,,201802,3351
2534,TUR,201709,8
2535,FRA,201801,37
2536,YEM,201803,1
2537,EUR,201610,320
2538,SVK,201708,293
2539,NPL,201507,21
2540,ISR,201911,10
2541,HUN,201708,86
2542,ITA,201903,51
2543,MLT,201805,29
2544,GBR,201504,51
2545,SRB,201604,15
2546,GRC,201712,23
2547,JPN,201608,8
2548,LUX,201604,8
2549,AZE,201907,10
2550,ISL,201706,3
2551,EGY,201506,7
2552,ALB,201608,4
2553,ESP,201804,12
2554,ITA,201806,58
2555,WST,201907,4
2556,AFR,201907,1
2557,AZE,201810,4
2558,PER,201603,6
2559,KAZ,201807,2
2560,SRB,201607,34
2561,IRL,201801,4
2562,NLD,201910,8
2563,LBN,201806,5
2564,PRK,201708,4
2565,SLV,201505,2
2566,PHL,201812,1
2567,PSE,201912,10
2568,LUX,201903,6
2569,PHL,201803,1
2570,CUB,201909,2
2571,CUB,202011,5
2572,MLT,202003,11
2573,KHM,201711,2
2574,TUR,202011,5
2575,FIN,201906,7
2576,IND,201912,2
2577,ESP,202012,1
2578,DNK,201808,4
2579,MLT,202010,3
2580,JOR,202001,3
2581,LTU,202005,10
2582,AZE,201805,6
2583,EUR,201612,194
2584,HUN,201611,151
2585,CHN,201711,53
2586,GBR,201705,29
2587,CUB,201612,14
2588,BGR,201708,35
2589,CUB,201709,3
2590,AUS,202005,2
2591,EUR,201602,172
2592,USA,201911,52
2593,SYR,201611,8
2594,EGY,201603,11
2595,FIN,201508,7
2596,SGP,201908,2
2597,KAZ,201908,7
2598,CHN,201507,9
2599,ARE,201502,17
2600,PHL,201901,4
2601,MLT,201609,13
2602,AFG,201705,2
2603,EUR,201809,73
2604,LBY,201504,4
2605,WST,201706,13
2606,DEU,201706,45
2607,ESP,201712,7
2608,ARM,201505,12
2609,ETH,201509,2
2610,NLD,201810,12
2611,ALB,201705,7
2612,CUB,202010,1
2613,VNM,201808,131
2614,MEX,201704,1
2615,ARG,201711,1
2616,AZE,201703,1
2617,VAT,201703,5
2618,NOR,201810,4
2619,GBR,201910,46
2620,HRV,201506,11
2621,EST,201506,9
2622,KAZ,201711,10
2623,NOR,202012,3
2624,IRQ,201908,1
2625,TWN,202002,4
2626,GRC,201704,1
2627,MYS,201808,4
2628,KOR,201801,1
2629,FIN,201910,8
2630,CYP,201604,4
2631,KEN,201811,7
2632,COD,201809,1
2633,PSE,201609,1
2634,BGR,201809,5
2635,ARM,201608,4
2636,ESP,201801,6
2637,KWT,201911,1
2638,JPN,201905,1
2639,TUR,201903,15
2640,MEX,201606,7
2641,PRK,201804,2
2642,ALB,201607,6
2643,MCO,201607,1
2644,MEX,202004,2
2645,JPN,202004,3
2646,AFR,202009,7
2647,AUS,202009,1
2648,BGR,201803,16
2649,EUR,201805,152
2650,CZE,201801,240
2651,USA,201612,79
2652,LUX,201612,16
2653,IRL,201612,8
2654,BEL,201709,63
2655,GRC,201709,27
2656,DNK,201709,2
2657,EST,201709,17
2658,BGR,201510,6
2659,,201602,2177
2660,LTU,201508,6
2661,SVK,201502,127
2662,HRV,201512,35
2663,ITA,201506,74
2664,KOR,201804,40
2665,BGR,201605,8
2666,IRL,201702,8
2667,ARG,201802,3
2668,SWE,201902,9
2669,ITA,201904,74
2670,POL,201901,87
2671,CZE,201707,296
2672,ARE,201707,4
2673,MDV,201707,2
2674,EST,201609,13
2675,ETH,201903,8
2676,RUS,201903,67
2677,IND,201610,4
2678,CYP,201512,10
2679,MMR,201711,1
2680,PRK,201905,5
2681,CAN,201503,15
2682,CHN,201511,61
2683,MKD,201709,6
2684,ECU,201805,4
2685,TUR,201508,12
2686,EST,201604,14
2687,MDA,201603,10
2688,PAN,201911,1
2689,ISR,201510,5
2690,OMN,201711,1
2691,DZA,201504,3
2692,IRQ,202002,3
2693,BGD,201706,3
2694,GTM,201906,1
2695,LUX,201804,7
2696,KOR,201507,1
2697,AUS,201607,16
2698,PSE,201607,3
2699,PRT,201811,3
2700,BRA,201510,5
2701,SRB,202003,4
2702,CUB,201712,2
2703,EGY,201606,4
2704,BGR,201912,14
2705,TKM,201603,1
2706,SRB,202009,1
2707,UGA,201601,1
2708,IRQ,201912,1
2709,CHN,202003,31
2710,HUN,202004,57
2711,LTU,202004,6
2712,SVK,202005,171
2713,NZL,202007,6
2714,EUR,202009,67
2715,PRK,201802,1
2716,FRA,201709,36
2717,FRA,201711,16
2718,GBR,201706,53
2719,POL,201706,86
2720,HRV,201706,21
2721,SRB,201709,4
2722,UKR,201506,106
2723,AUS,201708,5
2724,POL,201908,122
2725,CZE,201903,141
2726,LTU,201512,14
2727,GRC,201609,191
2728,NLD,201604,17
2729,IRL,201909,2
2730,ISL,201511,8
2731,LTU,201706,1
2732,HTI,201807,1
2733,SDN,201906,6
2734,SYR,201709,8
2735,ESP,201701,19
2736,IRQ,201506,8
2737,LVA,201704,21
2738,CHN,201504,6
2739,TUR,201710,1
2740,RUS,201910,40
2741,TUR,201706,6
2742,ALB,201901,1
2743,MLT,201806,10
2744,ZAF,201812,1
2745,ALB,201812,2
2746,FRA,201808,7
2747,IDN,201504,2
2748,CAN,201910,2
2749,IRL,201708,11
2750,ARM,201504,3
2751,MKD,201511,1
2752,ARE,201708,4
2753,SWZ,201609,2
2754,COG,201912,2
2755,COL,201705,3
2756,CAN,201510,3
2757,IRQ,201901,1
2758,SYR,201702,2
2759,MLT,201505,1
2760,SDN,202012,1
2761,CAN,202012,1
2762,BGD,201912,2
2763,VEN,201910,2
2764,MCO,201910,1
2765,GHA,201701,2
2766,LUX,201711,2
2767,RUS,202005,34
2768,SVK,202008,141
2769,EST,202008,14
2770,CZE,201704,153
2771,USA,201701,79
2772,NLD,201803,24
2773,CYP,201703,11
2774,CZE,201611,207
2775,USA,201912,53
2776,SRB,201510,44
2777,TUR,201506,36
2778,CZE,201604,188
2779,EST,201510,28
2780,DEU,201506,56
2781,SYR,201601,4
2782,IRN,201605,21
2783,ITA,201508,36
2784,EUR,201708,94
2785,SVK,201712,207
2786,AUS,201604,10
2787,VNM,201902,4
2788,EUR,201904,92
2789,CAN,201509,8
2790,AUT,201609,111
2791,NOR,201508,3
2792,ITA,201811,29
2793,AUS,201506,3
2794,MAR,201707,3
2795,LKA,201605,4
2796,DEU,202010,46
2797,FRA,202010,5
2798,TUR,201909,1
2799,COL,201711,3
2800,MKD,201702,3
2801,DNK,201710,1
2802,FRA,201607,65
2803,MDA,201901,13
2804,JPN,201505,2
2805,ISR,201503,4
2806,AFG,201701,17
2807,BGR,202012,7
2808,CUB,201706,23
2809,BEL,201912,11
2810,SDN,201502,1
2811,MAR,201506,1
2812,ARG,201602,2
2813,IND,201809,2
2814,CHE,201605,2
2815,AZE,201806,8
2816,CHN,201710,6
2817,NGA,201907,1
2818,BRA,202002,3
2819,FIN,201606,12
2820,PHL,201512,1
2821,MDA,202004,10
2822,DEU,202003,42
2823,WST,202007,4
2824,WST,202008,1
2825,AUT,201710,52
2826,ESP,201802,35
2827,ARE,201701,8
2828,EUR,201601,173
2829,ITA,201705,49
2830,GBR,201510,57
2831,CZE,202012,51
2832,MEX,201511,7
2833,AZE,201506,4
2834,BLR,201510,23
2835,AZE,201911,13
2836,PRK,201611,3
2837,PRK,201702,1
2838,FRA,201509,26
2839,MAR,201902,9
2840,COL,201503,2
2841,MLT,201904,2
2842,CAN,201605,3
2843,,201607,3195
2844,MAR,201609,12
2845,TKM,201704,1
2846,NLD,201609,40
2847,PHL,201608,2
2848,GBR,201809,57
2849,EUR,201810,136
2850,SYR,201810,33
2851,MKD,201611,37
2852,VNM,201907,4
2853,LTU,201502,4
2854,ESP,201512,10
2855,PAK,201910,2
2856,SWE,201908,8
2857,CHE,202012,4
2858,COL,201704,1
2859,IND,201511,1
2860,MLT,201509,15
2861,NIC,201705,6
2862,KAZ,201705,2
2863,VEN,201908,4
2864,AUS,201811,3
2865,COL,201606,5
2866,AZE,202002,4
2867,VEN,202002,2
2868,ECU,201505,1
2869,PAK,201806,7
2870,EST,202004,5
2871,AUT,202005,118
2872,BGR,202006,15
2873,SWE,202009,12
2874,MLT,201803,36
2875,KOR,201710,11
2876,CAN,201710,8
2877,SRB,201803,18
2878,LBN,201803,6
2879,ISR,201610,3
2880,LVA,201709,4
2881,LUX,201807,13
2882,CZE,201505,247
2883,CZE,201602,379
2884,WST,201903,31
2885,FRA,201904,41
2886,GBR,201904,18
2887,HRV,201908,5
2888,CYP,201609,15
2889,WST,201705,26
2890,BLR,201509,20
2891,ESP,201811,9
2892,AUS,201909,12
2893,EGY,201608,13
2894,AUS,201505,7
2895,WST,201906,22
2896,UKR,201810,47
2897,GRC,202010,61
2898,IND,201812,1
2899,TUR,201611,7
2900,HRV,201601,6
2901,TJK,201612,1
2902,BGR,201710,16
2903,THA,201601,6
2904,AFG,201706,5
2905,PRT,202001,6
2906,ARM,201706,4
2907,IRN,201704,36
2908,TUR,201712,5
2909,VAT,201705,1
2910,TUR,201811,9
2911,SRB,202002,7
2912,SYR,202004,3
2913,IRQ,201505,3
2914,BEL,201911,5
2915,DEU,202002,31
2916,CAN,201808,6
2917,CMR,201606,1
2918,MEX,201706,4
2919,SRB,201905,22
2920,SAU,201811,10
2921,SRB,201812,13
2922,CYP,201712,6
2923,ARM,202002,53
2924,AZE,201610,1
2925,SAU,201910,3
2926,GRC,201910,8
2927,GRC,202003,15
2928,LVA,202003,31
2929,ARE,201910,1
2930,JPN,202002,2
2931,MKD,201606,17
2932,MLT,201608,5
2933,KOR,201606,2
2934,COD,201907,1
2935,POL,201611,76
2936,EUR,201711,132
2937,POL,201510,191
2938,USA,201510,91
2939,,201511,2378
2940,AFR,201506,2
2941,HUN,201506,155
2942,UKR,201611,36
2943,AUS,201901,1
2944,IRL,201603,12
2945,GAB,201512,1
2946,BGR,201609,75
2947,BLR,201909,12
2948,POL,201608,124
2949,ALB,201703,1
2950,COG,201608,2
2951,HRV,201801,10
2952,BEL,201903,23
2953,LTU,201611,16
2954,IRL,202001,6
2955,UKR,201508,13
2956,EST,201603,9
2957,DEU,201907,61
2958,SWE,201909,2
2959,HTI,201704,2
2960,UKR,201710,33
2961,BGR,201706,8
2962,HRV,201803,8
2963,NOR,201512,1
2964,AFR,201811,4
2965,HRV,201808,10
2966,TUR,201801,12
2967,MNG,201904,9
2968,WST,201811,1
2969,CUB,201606,12
2970,ESP,201607,16
2971,JPN,201802,3
2972,AFR,201812,1
2973,THA,201512,1
2974,FRA,202012,10
2975,AFR,201709,1
2976,MKD,201612,1
2977,AFG,201910,2
2978,OMN,202003,2
2979,QAT,202009,1
2980,BGR,202001,5
2981,KAZ,201904,6
2982,LVA,201502,1
2983,DMA,201507,1
2984,NPL,201512,1
2985,DNK,201703,3
2986,AZE,202005,1
2987,VNM,202005,1
2988,ESP,202007,17
2989,AFR,202006,1
2990,MDV,202006,1
2991,HUN,201803,165
2992,BEL,201802,33
2993,UZB,201802,2
2994,ITA,201703,51
2995,WST,201612,13
2996,GBR,201612,44
2997,ECU,201709,9
2998,AFR,201705,2
2999,GRC,201801,2
3000,CZE,201912,163
3001,POL,201912,105
3002,VCT,202005,1
3003,UKR,201509,244
3004,CZE,201511,187
3005,SRB,201611,13
3006,EUR,201712,120
3007,ISR,201712,31
3008,KGZ,201904,12
3009,OMN,201511,3
3010,ARE,201510,4
3011,CHN,201903,9
3012,CZE,201905,161
3013,BLR,201905,23
3014,HRV,201602,11
3015,FRA,201802,27
3016,IRL,201809,3
3017,TUR,201701,5
3018,SRB,201906,29
3019,TZA,201502,1
3020,KOR,201508,2
3021,SRB,201507,7
3022,DMA,201909,2
3023,ARG,201606,2
3024,GRC,201606,35
3025,SRB,201908,17
3026,DNK,201502,2
3027,AUS,201906,6
3028,NOR,201604,9
3029,IRN,201804,1
3030,VNM,201505,8
3031,IRQ,201708,2
3032,SRB,201804,4
3033,CHE,201502,1
3034,IRN,201607,4
3035,DNK,202010,1
3036,ESP,202011,1
3037,KAZ,202010,1
3038,ALB,201710,2
3039,BGR,202004,11
3040,GRC,202005,4
3041,PRT,202007,1
3042,USA,202008,60
3043,CZE,202009,86
3044,GBR,201909,56
3045,AUT,201701,35
3046,CHN,201701,15
3047,ARG,201803,3
3048,ISR,201805,33
3049,WST,201703,15
3050,POL,201902,299
3051,BEL,201902,47
3052,HUN,201512,195
3053,SAU,201512,6
3054,EUR,201804,93
3055,IRL,201611,9
3056,POL,201605,85
3057,VAT,201702,3
3058,GRC,201605,55
3059,GRC,201708,3
3060,EGY,201601,7
3061,GBR,201903,49
3062,RUS,201602,71
3063,ALB,201904,1
3064,ALB,201510,6
3065,EST,201608,17
3066,BGR,201611,58
3067,SRB,201702,6
3068,RUS,201606,150
3069,TUR,201606,53
3070,NGA,201905,5
3071,AUS,201509,17
3072,UZB,201509,3
3073,VEN,201904,4
3074,DNK,201604,8
3075,KWT,201812,1
3076,IRL,201808,5
3077,SYR,201706,2
3078,CHN,201812,4
3079,SYR,201607,8
3080,TUN,201506,11
3081,CYP,201502,2
3082,NOR,201708,2
3083,CHL,201509,1
3084,DMA,201511,2
3085,SSD,201709,2
3086,NOR,201710,1
3087,ESP,202001,4
3088,CHE,201608,3
3089,ARE,201805,4
3090,AZE,201505,3
3091,HRV,201503,2
3092,EST,201606,9
3093,MNG,202011,2
3094,MNG,201607,2
3095,SGP,202004,1
3096,KWT,201602,1
3097,CAN,202007,1
3098,SMR,202007,10
3099,BLR,202008,55
3100,GRC,202008,12
3101,POL,202009,55
3102,POL,201803,55
3103,RUS,201704,115
3104,TUR,201704,6
3105,MKD,201701,43
3106,CHN,201912,7
3107,,201508,2862
3108,USA,201603,116
3109,PRK,201803,7
3110,DOM,202012,3
3111,RUS,201512,60
3112,CHE,201512,37
3113,GRC,201804,14
3114,BGR,201712,8
3115,NOR,201505,7
3116,LVA,201601,10
3117,ITA,201604,62
3118,VAT,201903,3
3119,FRA,201604,13
3120,UKR,201809,40
3121,DEU,201906,35
3122,POL,201906,89
3123,FRA,201706,25
3124,LTU,201807,4
3125,IRN,201906,9
3126,DEU,202001,41
3127,BEL,201810,28
3128,LUX,201704,9
3129,ESP,201508,13
3130,TUR,202010,101
3131,WST,201909,1
3132,ZAF,201703,1
3133,EUR,201606,354
3134,AFG,201811,7
3135,LVA,201903,9
3136,IRL,201601,2
3137,ARM,201701,2
3138,FIN,201505,2
3139,IRL,201910,3
3140,ARE,201706,2
3141,UKR,202003,22
3142,AZE,201607,6
3143,ARM,201811,3
3144,LTU,201809,2
3145,BLR,201506,2
3146,NPL,201504,2
3147,EST,201907,4
3148,MEX,201708,2
3149,DNK,201506,4
3150,ARE,202003,12
3151,VNM,201906,1
3152,CHE,201702,4
3153,LTU,201911,1
3154,HRV,202011,6
3155,LBN,201606,1
3156,RUS,202003,13
3157,SWE,202005,3
3158,MDA,202008,2
3159,CHN,201803,21
3160,,201703,2714
3161,CAN,201803,9
3162,IRL,201803,11
3163,RUS,201805,77
3164,CAN,201701,16
3165,AUS,201709,7
3166,SYR,201801,2
3167,BEL,201801,21
3168,VEN,201709,1
3169,PRK,201709,8
3170,HUN,201505,140
3171,SVK,201506,392
3172,POL,201604,64
3173,CHN,202012,9
3174,SYR,201902,2
3175,EUR,201503,77
3176,GBR,201509,76
3177,EST,201903,7
3178,DEU,201708,80
3179,GRC,201505,16
3180,SYR,201804,13
3181,IRL,201707,14
3182,CHE,201508,6
3183,NPL,201505,11
3184,ARM,201609,9
3185,NLD,201509,20
3186,ALB,201604,9
3187,MYS,201811,3
3188,ARM,201905,10
3189,UKR,201909,132
3190,NLD,201608,35
3191,AFR,201608,7
3192,IDN,201906,1
3193,CAN,201706,3
3194,LTU,201503,3
3195,LTU,201605,17
3196,TUR,201511,16
3197,AUS,201810,4
3198,TUN,201810,1
3199,YEM,201810,1
3200,SAU,201612,7
3201,NLD,201711,26
3202,KAZ,201801,9
3203,LBY,201606,4
3204,EGY,201905,1
3205,NLD,201603,5
3206,WST,201605,14
3207,LKA,201904,3
3208,SAS,201801,1
3209,EST,201812,7
3210,MLT,201607,10
3211,ALB,201707,3
3212,NZL,201802,1
3213,ERI,201909,2
3214,LVA,201809,10
3215,PSE,201604,1
3216,JPN,201907,3
3217,AUT,202011,81
3218,KHM,201806,2
3219,PRT,201902,8
3220,KGZ,201608,1
3221,COD,201707,2
3222,LTU,201606,8
3223,NZL,201606,5
3224,VAT,202011,3
3225,ISL,201606,6
3226,NOR,202003,2
3227,CHE,202005,1
3228,USA,202006,42
3229,SVK,202007,177
3230,TWN,202006,1
3231,,201907,1447
3232,SVK,201908,165
3233,RUS,202009,37
3234,AUS,201703,8
3235,,201605,2894
3236,DEU,201711,48
3237,GBR,201702,42
3238,CHN,201703,4
3239,EUR,201912,113
3240,USA,201602,95
3241,DEU,201509,217
3242,SWE,201602,20
3243,ESP,201506,20
3244,RUS,201505,196
3245,JPN,201805,1
3246,MDA,201511,4
3247,HUN,201712,69
3248,USA,201908,75
3249,AUT,201511,27
3250,NMR,201708,2
3251,SAU,201511,4
3252,JPN,201604,12
3253,RUS,201507,82
3254,FIN,201609,8
3255,POL,201809,59
3256,AFR,201901,3
3257,IRQ,201703,8
3258,GRC,201809,16
3259,CHN,201510,14
3260,BRA,201611,1
3261,CUB,201805,2
3262,ARG,201810,6
3263,SAU,201810,7
3264,SWE,201504,2
3265,JPN,201606,9
3266,JAM,201609,2
3267,BLR,201502,2
3268,TUR,201910,21
3269,AZE,201605,1
3270,MCO,201509,2
3271,MDV,201601,1
3272,CHN,201605,5
3273,PAK,201609,2
3274,LVA,201711,5
3275,MLT,201705,5
3276,LTU,201604,19
3277,TUR,202001,4
3278,AFR,201810,6
3279,MYS,201701,1
3280,EST,201910,6
3281,TWN,201504,1
3282,LBY,201506,1
3283,DNK,201705,3
3284,IRN,201801,1
3285,LUX,201811,1
3286,MCO,201810,1
3287,BLR,202002,4
3288,LTU,202002,6
3289,PRK,201503,1
3290,POL,201501,1
3291,BRA,201606,2
3292,KAZ,201912,2
3293,IDN,201508,1
3294,TWN,201511,1
3295,SRB,202001,2
3296,BEL,202009,57
3297,USA,202009,38
3298,NLD,202009,3
3299,SSD,201704,2
3300,TWN,201805,1
3301,JPN,201612,6
3302,AGO,201612,1
3303,IRN,201912,4
3304,UKR,201512,40
3305,HUN,201902,318
3306,IRN,201601,14
3307,HUN,201503,103
3308,CHN,201802,10
3309,HUN,201901,54
3310,KWT,201705,9
3311,CYP,201506,9
3312,SWE,201509,9
3313,PRK,201510,2
3314,BDI,201703,6
3315,CUB,201710,7
3316,MDA,201710,2
3317,BLR,201802,6
3318,PRT,201810,6
3319,BRA,201705,5
3320,LVA,201703,6
3321,ISR,201909,10
3322,DNK,201510,5
3323,SSD,201605,46
3324,WST,201602,12
3325,QAT,201803,5
3326,IRQ,201810,8
3327,ISR,201806,6
3328,PER,201505,5
3329,ISR,202002,12
3330,GTM,201711,2
3331,AFG,201610,4
3332,MAR,201805,4
3333,UZB,201805,4
3334,IDN,202009,2
3335,MLT,201606,9
3336,ARG,201607,7
3337,AGO,201607,9
3338,MDG,201606,2
3339,MKD,202003,1
3340,NPL,202003,1
3341,AUT,202006,81
3342,,202002,1677
3343,GTM,201704,1
3344,VAT,201805,10
3345,BLR,201805,5
3346,SWE,201801,2
3347,IRL,201703,6
3348,AUT,201612,31
3349,CAN,201610,35
3350,RUS,201611,87
3351,USA,201705,95
3352,USA,201711,67
3353,SRB,201711,21
3354,AUT,201610,19
3355,HUN,201807,64
3356,GRC,201507,259
3357,SVK,201504,448
3358,AUT,202012,15
3359,LUX,201602,1
3360,DEU,201505,82
3361,AZE,201504,21
3362,HRV,201712,16
3363,ISR,201812,18
3364,BGR,201705,31
3365,USA,201809,84
3366,ISR,201804,14
3367,CAN,201703,20
3368,BGR,201603,17
3369,ITA,201710,21
3370,MUS,201704,1
3371,AFG,201704,4
3372,HKG,201705,7
3373,YEM,201609,5
3374,BMU,201903,2
3375,IRL,201705,1
3376,CZE,202002,74
3377,VAT,201801,8
3378,IRQ,201704,1
3379,IDN,201604,2
3380,BEL,202002,33
3381,TUR,201807,2
3382,MDV,201604,1
3383,GBR,201812,10
3384,NPL,201905,4
3385,DJI,201609,4
3386,LIE,201505,1
3387,JOR,201710,1
3388,AUS,201809,3
3389,ZAF,202011,1
3390,BEL,202011,3
3391,CUB,201903,1
3392,UKR,202005,54
3393,POL,202007,52
3394,BEL,202007,24
3395,,202009,1533
3396,AUT,201709,24
3397,SMR,201703,4
3398,RUS,201612,48
3399,UKR,201612,42
3400,NOR,201709,1
3401,IRN,201703,51
3402,EGY,201703,2
3403,,201812,2118
3404,EST,201505,92
3405,BGR,201506,60
3406,ITA,201601,18
3407,RUS,201804,101
3408,AUT,201911,26
3409,MUS,201611,2
3410,DEU,201605,55
3411,KEN,201702,80
3412,UZB,201709,2
3413,CZE,201908,85
3414,AUT,201908,32
3415,WST,201902,20
3416,CAN,201707,17
3417,RUS,201509,80
3418,PSE,201512,6
3419,ISR,201705,6
3420,WST,201504,21
3421,SLV,201508,3
3422,DEU,201608,128
3423,IRN,201608,13
3424,MEX,201703,6
3425,AFR,201707,5
3426,JOR,201701,2
3427,NLD,201704,3
3428,COL,201902,1
3429,PAN,201702,2
3430,AFR,201802,3
3431,AZE,201508,1
3432,POL,201910,76
3433,TUN,201503,12
3434,PSE,201712,1
3435,ARM,202001,1
3436,IRL,201812,3
3437,ZAF,201607,3
3438,LTU,201905,6
3439,POL,201806,186
3440,AFG,201506,1
3441,PAK,201810,2
3442,MLT,201602,4
3443,TUR,201808,8
3444,TWN,201509,1
3445,AFR,201911,3
3446,CRI,201710,1
3447,MNG,201611,3
3448,GRC,202001,2
3449,KOR,202002,1
3450,SRB,201903,2
3451,ALB,202011,1
3452,MDV,201503,1
3453,WST,202005,3
3454,EUR,202006,49
3455,SWE,202007,1
3456,MEX,202007,1
3457,POL,202008,32
3458,BLR,202009,18
3459,HRV,201701,4
3460,DEU,201603,74
3461,NPL,201709,3
3462,CAN,201611,12
3463,,201711,2266
3464,EUR,201702,112
3465,ALB,201506,7
3466,EUR,201506,154
3467,ECU,201611,2
3468,GRC,201702,13
3469,CZE,201712,167
3470,BGR,201504,10
3471,VNM,201707,10
3472,NLD,201811,15
3473,FRA,201905,44
3474,RUS,201906,315
3475,VNM,201503,9
3476,ISL,201504,6
3477,EGY,201701,2
3478,GBR,201810,57
3479,AUS,201704,7
3480,NLD,201706,13
3481,KOR,201706,4
3482,AFR,201909,4
3483,ZWE,201605,3
3484,LVA,201811,13
3485,QAT,201811,2
3486,HUN,202001,47
3487,IRQ,201507,2
3488,GRC,201806,7
3489,WST,201508,9
3490,SWE,201904,1
3491,CAN,201812,10
3492,LVA,201612,2
3493,BOL,201711,2
3494,SYR,201911,2
3495,LUX,201907,2
3496,JPN,201808,2
3497,MKD,201901,6
3498,LVA,202009,2
3499,CAN,201506,1
3500,CHL,202011,3
3501,ALB,201504,2
3502,LBN,202004,1
3503,,202005,1397
3504,ISR,202005,1
3505,HUN,201610,134
3506,UZB,201611,13
3507,CZE,201705,147
3508,DZA,201705,2
3509,MMR,201706,1
3510,,201506,2524
3511,SVK,201507,375
3512,GRC,201506,101
3513,DEU,201507,106
3514,FRA,201507,33
3515,NZL,201908,2
3516,RUS,201511,67
3517,TJK,201805,5
3518,TUR,201707,9
3519,AUS,201705,13
3520,ESP,201905,15
3521,LVA,201712,42
3522,EUR,201909,70
3523,CZE,201607,166
3524,BLR,201511,11
3525,EGY,201710,5
3526,KAZ,201707,4
3527,VNM,201602,4
3528,VAT,201504,15
3529,LTU,201709,5
3530,CZE,202001,51
3531,LVA,201505,15
3532,HUN,201808,56
3533,ARE,201609,19
3534,GRC,201905,4
3535,AUS,201804,6
3536,FIN,201504,4
3537,ECU,201812,1
3538,BLZ,201611,1
3539,DOM,201906,2
3540,TUR,201509,3
3541,PRK,201912,1
3542,PAK,201505,1
3543,MKD,201708,3
3544,LUX,202010,2
3545,NOR,201808,1
3546,RUS,202011,9
3547,SRB,201608,4
3548,FIN,201607,7
3549,,202004,1533
3550,PSE,202004,4
3551,IRL,202006,6
3552,KEN,202007,12
3553,IRL,202009,2
3554,POL,201710,107
3555,SRB,201802,26
3556,POL,201805,82
3557,EUR,201701,122
3558,SVK,201701,265
3559,EUR,201705,124
3560,,201612,2144
3561,CZE,201612,157
3562,CUB,201711,2
3563,TUR,201912,18
3564,SRB,201706,2
3565,BLR,201504,5
3566,,201501,34
3567,FRA,201601,27
3568,,201804,3117
3569,RUS,201802,74
3570,ITA,201507,72
3571,CAN,201708,5
3572,IRQ,201508,2
3573,LTU,201609,8
3574,NLD,201804,23
3575,ISR,201608,8
3576,SLE,201608,2
3577,USA,201906,84
3578,KOR,201802,7
3579,ALB,201610,1
3580,CZE,202010,46
3581,RUS,202010,23
3582,UKR,202010,10
3583,CZE,201808,215
3584,ARM,201902,8
3585,EUR,201907,88
3586,FIN,201812,19
3587,KEN,201907,2
3588,CMR,201601,6
3589,EST,201808,10
3590,VAT,201510,8
3591,ESP,201702,7
3592,IRQ,201511,9
3593,IRQ,201602,9
3594,PSE,201906,1
3595,CHE,201707,2
3596,JPN,201509,6
3597,ARG,201502,3
3598,LUX,201901,2
3599,ISL,201609,1
3600,HRV,201705,19
3601,PRK,201701,1
3602,EGY,202012,5
3603,VAT,202012,9
3604,IRQ,201502,1
3605,CAN,201508,4
3606,MDA,201811,4
3607,SGP,201909,1
3608,ARM,201906,2
3609,ITA,202001,13
3610,TUN,201511,3
3611,LTU,201812,10
3612,LUX,202002,1
3613,JPN,201911,2
3614,BLZ,201510,1
3615,ARM,201907,35
3616,LTU,201907,4
3617,IND,201605,2
3618,QAT,201608,2
3619,PRT,202010,5
3620,ISL,201810,1
3621,MLT,201910,4
3622,TUR,201901,3
3623,MNG,201711,4
3624,ISR,201607,1
3625,HRV,202005,11
3626,FRA,202009,4
3627,THA,201803,7
3628,EUR,201710,113
3629,USA,201709,69
3630,FIN,201703,4
3631,ITA,201807,26
3632,EUR,201603,206
3633,MCO,201803,1
3634,ITA,202012,8
3635,RUS,201508,75
3636,CUB,201510,34
3637,POL,201708,73
3638,VNM,201507,7
3639,HUN,201707,228
3640,BHR,201609,7
3641,UKR,201811,145
3642,MLT,201905,53
3643,MKD,201909,14
3644,BEL,201508,39
3645,MYS,201608,3
3646,SOM,201608,2
3647,COD,201807,4
3648,ARG,201805,3
3649,AZE,201611,4
3650,TWN,202001,1
3651,NGA,201704,2
3652,ARE,201809,6
3653,GBR,201808,32
3654,CHN,201909,17
3655,DZA,201801,2
3656,AUS,201707,2
3657,KOR,202012,2
3658,ESP,201812,11
3659,TWN,201706,2
3660,VNM,201909,3
3661,LUX,201904,2
3662,AZE,201910,26
3663,KEN,201807,5
3664,MDA,202012,4
3665,THA,201804,1
3666,IDN,201911,1
3667,LBY,201707,1
3668,SRB,201907,3
3669,SAU,201803,1
3670,PRT,201602,1
3671,SWE,201903,1
3672,LVA,201610,6
3673,NOR,201606,7
3674,CHL,201812,2
3675,LUX,202004,1
3676,CYP,202007,2
3677,BLR,201710,20
3678,NLD,201701,25
3679,DEU,201709,42
3680,EUR,201611,199
3681,PRT,201704,5
3682,MMR,201612,1
3683,MKD,201610,7
3684,ISR,201803,11
3685,CHN,201603,68
3686,EST,201509,17
3687,BGR,201602,49
3688,GBR,202001,32
3689,GEO,201805,4
3690,ITA,201702,31
3691,QAT,201902,2
3692,LUX,201805,3
3693,DZA,201904,1
3694,MKD,201512,12
3695,KOR,201609,19
3696,ISR,201704,9
3697,NZL,201512,5
3698,ESP,201604,9
3699,EUR,201608,352
3700,HRV,201711,9
3701,AZE,201901,1
3702,BEL,201507,16
3703,BEL,201608,35
3704,ARE,201608,15
3705,PAN,201802,2
3706,ISR,201710,23
3707,NPL,201705,6
3708,SAU,201707,6
3709,AUS,201712,6
3710,LKA,201701,1
3711,EUR,202010,59
3712,AZE,202010,3
3713,POL,201907,136
3714,MNG,201510,4
3715,CHE,201711,7
3716,CHL,201608,5
3717,ARE,201605,6
3718,TUR,201711,3
3719,LTU,201810,3
3720,KOR,201511,3
3721,JOR,201508,1
3722,ARE,201904,3
3723,ALB,201809,1
3724,ARE,201912,3
3725,MKD,201507,6
3726,AZE,201712,3
3727,AFG,201609,4
3728,NZL,201712,2
3729,BLZ,201512,1
3730,TWN,202011,5
3731,DZA,201602,2
3732,IRL,202003,17
3733,DOM,201812,1
3734,PRK,201711,4
3735,ISR,202004,7
3736,ITA,202008,20
3737,LUX,202008,5
3738,PAN,201803,9
3739,,201705,2332
3740,VNM,201803,19
3741,UKR,201805,39
3742,GBR,201709,101
3743,LUX,201705,12
3744,ISL,201612,4
3745,EUR,201512,252
3746,,202012,999
3747,AUT,201605,63
3748,GBR,201507,75
3749,HRV,201911,9
3750,UKR,201911,42
3751,SAU,201708,1
3752,FRA,201903,33
3753,POL,201507,62
3754,NGA,201609,4
3755,AND,201704,2
3756,SGP,201508,6
3757,UKR,201905,45
3758,DEU,201809,89
3759,SAU,201608,12
3760,LUX,201906,17
3761,BLR,201507,13
3762,DNK,201603,2
3763,ESP,201710,6
3764,DZA,201712,2
3765,GBR,201511,27
3766,RUS,201808,331
3767,ISR,201907,2
3768,AZE,201512,5
3769,KAZ,201502,2
3770,CHE,201510,12
3771,KEN,201604,3
3772,PRT,201706,3
3773,KWT,201711,1
3774,BGR,201811,16
3775,ARM,201904,1
3776,SYR,201512,6
3777,PSE,201506,3
3778,DNK,201906,3
3779,NLD,201906,4
3780,CHL,201904,2
3781,POL,202003,53
3782,LVA,201608,1
3783,AUS,201912,5
3784,UZB,202010,1
3785,IDN,201910,1
3786,COL,202011,5
3787,VNM,201606,1
3788,LKA,201808,2
3789,CYP,201801,2
3790,HRV,202003,1
3791,ESP,202005,17
3792,KOR,202007,6
3793,ARE,202006,2
3794,AUT,201805,73
3795,KOR,201703,12
3796,UKR,201703,39
3797,JPN,201610,14
3798,,201606,2789
3799,VAT,201803,3
3800,BEL,201509,110
3801,CZE,201504,129
3802,ARE,201505,3
3803,IRQ,201612,2
3804,FRA,201908,13
3805,BGR,201902,13
3806,SYR,201603,11
3807,WST,201601,12
3808,HRV,201805,14
3809,CHN,201904,199
3810,CMR,201506,4
3811,HUN,201605,109
3812,DNK,201707,3
3813,LKA,201511,2
3814,SRB,201904,5
3815,IRQ,201609,7
3816,HRV,201508,2
3817,LVA,201512,11
3818,FRA,201811,31
3819,NMR,201905,2
3820,SWE,201608,14
3821,KEN,201507,13
3822,IRQ,201701,2
3823,CHE,201806,1
3824,MLT,201903,21
3825,PSE,201611,1
3826,VNM,201810,29
3827,CYP,201603,3
3828,IRN,201602,7
3829,PRT,201601,3
3830,OMN,201611,4
3831,GRC,201901,8
3832,EGY,201512,3
3833,MLT,201811,3
3834,CYP,201811,2
3835,LTU,201904,5
3836,AZE,201811,73
3837,GIN,201811,4
3838,UKR,201607,37
3839,SYR,201809,4
3840,CHE,201601,1
3841,AFG,201803,3
3842,ALB,201712,2
3843,HRV,201909,4
3844,PAK,201802,1
3845,IND,201609,1
3846,LBY,201608,3
3847,MEA,201608,2
3848,TUR,202009,5
3849,FIN,201806,6
3850,CMR,201810,2
3851,WST,202004,3
3852,RUS,202006,24
3853,TUN,202006,2
3854,CUB,202008,3
3855,GBR,201803,147
3856,,201604,1992
3857,USA,201805,107
3858,HUN,201709,207
3859,ARE,201703,11
3860,MLT,201512,1
3861,USA,201706,84
3862,NLD,201902,2
3863,UKR,201602,99
3864,EUR,201504,106
3865,GRC,201612,3
3866,VNM,201708,17
3867,ESP,201707,9
3868,KWT,201604,5
3869,NLD,201605,7
3870,SDN,201905,1
3871,NLD,201809,10
3872,CUB,201703,16
3873,LUX,201603,7
3874,ARG,201701,4
3875,YEM,201502,1
3876,MLT,201604,12
3877,ARE,201902,6
3878,ARG,201907,3
3879,IRL,201907,16
3880,HRV,201509,5
3881,COL,201609,8
3882,ESP,201504,5
3883,KAZ,201803,2
3884,LBY,201509,5
3885,GMB,201904,2
3886,BEL,201808,14
3887,IND,201909,2
3888,NER,201504,5
3889,BLR,201811,3
3890,SEA,201607,4
3891,AGO,201609,1
3892,MDA,201609,7
3893,ARE,201812,2
3894,MYS,201609,1
3895,JPN,201511,2
3896,MKD,201810,1
3897,NZL,201504,3
3898,SWE,201710,2
3899,IRQ,201702,1
3900,MAR,201812,3
3901,KEN,201910,2
3902,LVA,201508,1
3903,ECU,201702,3
3904,QAT,201901,2
3905,NER,201608,1
3906,ARG,201912,5
3907,PER,201506,2
3908,BLR,201906,47
3909,TUR,202006,5
3910,NOR,202009,2
3911,DMA,201803,1
3912,MKD,201802,3
3913,POL,201711,65
3914,TUR,201610,4
3915,EUR,201509,614
3916,RUS,201506,366
3917,EUR,201605,223
3918,SWE,202012,5
3919,ARE,202012,8
3920,IRL,201804,12
3921,UZB,201708,1
3922,CHN,201506,7
3923,VEN,201903,2
3924,SWE,201704,12
3925,EST,201610,3
3926,CUB,201609,4
3927,UKR,201605,59
3928,DNK,201608,2
3929,GBR,201608,171
3930,NGA,201906,1
3931,LTU,201707,7
3932,RUS,201601,31
3933,LVA,201805,16
3934,TJK,201509,7
3935,ZMB,201810,1
3936,POL,202010,32
3937,BGD,201704,4
3938,FIN,201711,9
3939,SVK,201501,6
3940,IRN,201710,5
3941,SGP,201609,2
3942,CAN,201901,3
3943,VNM,201806,5
3944,USA,201806,51
3945,CHE,201810,11
3946,BHR,201904,3
3947,IND,201904,1
3948,ESP,201602,1
3949,BRA,201812,4
3950,SWE,201708,9
3951,PRT,201909,1
3952,COL,201607,5
3953,LVA,201503,3
3954,AFR,201610,3
3955,NMR,201609,1
3956,OMN,201908,1
3957,WST,201911,8
3958,CYP,201902,14
3959,NZL,201710,2
3960,SWE,201702,2
3961,VAT,201807,4
3962,EUR,202004,28
3963,,202008,991
3964,DEU,202008,51
3965,POL,201801,62
3966,TUR,201612,18
3967,NLD,201703,6
3968,NGA,201706,3
3969,MLT,201807,5
3970,SVK,201503,290
3971,ITA,201511,38
3972,TUR,201602,31
3973,KEN,202012,1
3974,GBR,201902,60
3975,BEL,201512,45
3976,JPN,201611,2
3977,BEL,201504,5
3978,SRB,201503,11
3979,VNM,201805,106
3980,SGP,201901,1
3981,IRQ,201903,3
3982,CUB,201904,1
3983,IDN,201708,2
3984,FRA,201605,25
3985,BGR,201807,22
3986,LVA,201807,19
3987,IRL,201805,11
3988,KEN,201906,5
3989,CYP,201503,6
3990,ARM,201704,1
3991,CUB,201507,4
3992,IRQ,201710,24
3993,BGR,201606,43
3994,DNK,201908,11
3995,KGZ,201811,6
3996,MAR,201811,7
3997,WST,202002,2
3998,IRQ,201801,1
3999,AUS,202002,4
4000,ERI,201807,1
4001,RWA,201607,4
4002,MKD,201607,68
4003,LBY,201702,7
4004,HRV,202012,3
4005,MCO,201804,2
4006,SAU,201506,2
4007,SOM,202009,2
4008,PRT,201801,2
4009,GRC,202007,10
4010,GBR,202008,19
4011,TKM,201802,2
4012,EST,201805,10
4013,IRL,201709,3
4014,LUX,201703,6
4015,RUS,201706,65
4016,,201601,2114
4017,GRC,201502,32
4018,AUT,201602,47
4019,CHN,201512,11
4020,UKR,201804,14
4021,ITA,201704,55
4022,UZB,201503,2
4023,CHN,201809,18
4024,SRB,201502,5
4025,MKD,201608,46
4026,LUX,201809,2
4027,GBR,201802,59
4028,TJK,201506,5
4029,GMB,202010,1
4030,MCO,201705,10
4031,UKR,201907,25
4032,PSE,201909,3
4033,CAN,201601,8
4034,AUS,201504,8
4035,SAU,201609,2
4036,FIN,201901,2
4037,SYR,201903,4
4038,BOL,201505,1
4039,AUS,201605,4
4040,MYS,201804,1
4041,SAU,201809,3
4042,AUT,201501,2
4043,IRL,201906,4
4044,AZE,201604,4
4045,DMA,201911,1
4046,CZE,202011,69
4047,NLD,201710,1
4048,DNK,201702,2
4049,FIN,201702,2
4050,FIN,201512,1
4051,GUY,201606,2
4052,KHM,201810,2
4053,LTU,201901,2
4054,KEN,201901,2
4055,EST,201909,4
4056,OMN,201802,1
4057,ESP,201807,1
4058,IRQ,201709,2
4059,DEU,202004,29
4060,GBR,202006,51
4061,CZE,201907,82
4062,ISR,202008,5
4063,ESP,202009,3
4064,RUS,202002,96
4065,EUR,201801,106
4066,ARE,201709,2
4067,AUT,201801,64
4068,AUT,201708,115
4069,ARE,201801,1
4070,JPN,201601,2
4071,SVK,201601,255
4072,USA,201902,148
4073,UKR,201902,70
4074,UKR,201511,86
4075,GBR,201601,57
4076,CZE,201601,140
4077,HUN,201804,78
4078,POL,201603,75
4079,LUX,201702,6
4080,USA,201712,33
4081,DEU,201802,47
4082,ITA,201605,19
4083,CHE,201805,3
4084,ESP,201904,10
4085,HUN,201809,58
4086,AUS,201602,3
4087,FRA,201602,12
4088,TWN,201505,2
4089,QAT,201707,1
4090,CHE,201511,3
4091,NOR,201509,8
4092,EGY,201511,1
4093,AUS,201902,7
4094,FRA,201812,12
4095,MDA,201510,5
4096,SRB,201902,6
4097,JPN,201609,6
4098,ISR,201711,3
4099,VAT,201811,1
4100,SYR,201807,1
4101,SWE,201607,3
4102,IRQ,201706,3
4103,VAT,201509,3
4104,FRA,201806,35
4105,AFG,201603,1
4106,FIN,201801,1
4107,HRV,201905,1
4108,HRV,201610,1
4109,BRA,201503,1
4110,ARE,201606,4
4111,IND,201810,2
4112,ETH,201909,3
4113,FRA,202007,10
4114,TCD,202007,1
4115,DEU,201908,68
4116,LTU,202009,3
4117,CAN,202009,2
4118,WST,201801,8
4119,AFG,201805,5
4120,RUS,201703,122
4121,EGY,201612,3
4122,SVK,201702,305
4123,ISR,201709,30
4124,UKR,201504,126
4125,ITA,201505,17
4126,KGZ,201911,2
4127,FIN,201712,4
4128,MLT,201902,7
4129,TUN,201509,2
4130,TUR,201503,45
4131,RUS,201901,65
4132,MLT,201804,6
4133,KEN,201609,3
4134,UKR,201601,24
4135,CAN,201608,7
4136,CHN,201608,9
4137,CYP,201802,2
4138,ZWE,201707,2
4139,TUR,201805,6
4140,ARM,201503,25
4141,,201810,2584
4142,HRV,201704,3
4143,AUT,201808,23
4144,HUN,201812,73
4145,USA,201812,104
4146,ISR,201810,8
4147,MLT,201810,80
4148,IDN,201810,6
4149,MEX,201609,6
4150,ISL,201508,2
4151,LUX,201511,7
4152,EUR,201811,108
4153,BEL,201811,38
4154,NLD,201607,12
4155,AZE,201808,4
4156,GBR,202012,19
4157,BGD,201601,1
4158,ESP,201810,7
4159,MLT,201504,2
4160,COL,201507,2
4161,NGA,201910,2
4162,ARG,201909,1
4163,MEX,201506,3
4164,MLT,201709,5
4165,SRB,201707,10
4166,VNM,201711,56
4167,KWT,202001,3
4168,KOR,201607,6
4169,CZE,202006,224
4170,BLR,202005,5
4171,POL,202006,99
4172,UKR,202007,30
4173,BGR,202008,10
4174,GAB,202007,1
4175,ISR,202009,4
4176,SVK,201803,1742
4177,UKR,201701,22
4178,RUS,201705,93
4179,SVK,201604,326
4180,MKD,201902,16
4181,LTU,201506,13
4182,GRC,201512,72
4183,BLR,201605,6
4184,CZE,201702,160
4185,DEU,201808,90
4186,SVK,201607,474
4187,ECU,201707,1
4188,PRY,201908,4
4189,DEU,201811,51
4190,TUR,201505,8
4191,IDN,201510,7
4192,ARM,201703,2
4193,ALB,201601,7
4194,PRT,201709,9
4195,BEL,201506,32
4196,PSE,201704,6
4197,TUR,201705,42
4198,WST,201512,4
4199,,201808,2196
4200,BRA,201704,4
4201,KAZ,201601,4
4202,KEN,201712,4
4203,IRN,201705,1
4204,PRT,201510,4
4205,ARM,201702,2
4206,LTU,201507,6
4207,CHN,202002,43
4208,PRT,201512,3
4209,CHN,201808,6
4210,KGZ,201611,2
4211,LUX,201905,5
4212,IRL,201505,4
4213,VNM,201812,3
4214,EST,201702,1
4215,NLD,202002,4
4216,JPN,201910,21
4217,JPN,201504,1
4218,AFR,201809,1
4219,IRQ,201711,1
4220,IRN,202001,15
4221,TKM,201911,1
4222,YEM,201608,1
4223,NPL,201806,1
4224,WST,202003,3
4225,PRK,201703,1
4226,ITA,202003,30
4227,ESP,202003,9
4228,POL,202004,17
4229,POL,202005,51
4230,MLT,202005,10
4231,FRA,202005,11
4232,BHR,202009,5
4233,RUS,201803,330
4234,USA,201710,49
4235,AUS,201802,1
4236,FIN,201611,1
4237,SWE,201609,6
4238,GBR,201609,670
4239,BEL,201604,18
4240,BGR,201503,39
4241,RUS,201603,45
4242,MDA,201612,5
4243,AFG,201605,8
4244,UKR,201702,90
4245,NGA,201903,3
4246,POL,201904,68
4247,WST,201607,11
4248,FRA,201608,50
4249,RUS,201809,97
4250,CHN,201901,4
4251,ISR,201504,6
4252,KAZ,201706,4
4253,MLT,201701,21
4254,CHE,201507,2
4255,CZE,201910,109
4256,CYP,201704,4
4257,CAN,201801,5
4258,MLT,201911,4
4259,IND,201711,3
4260,ARG,201608,9
4261,DEU,201905,55
4262,ARE,201509,9
4263,FIN,201605,5
4264,LUX,201712,5
4265,WST,201804,52
4266,HRV,202002,6
4267,AFG,201810,6
4268,IND,201905,1
4269,DNK,201811,8
4270,CAN,202001,3
4271,IDN,201503,1
4272,MDV,201609,3
4273,BGR,201702,5
4274,CYP,202004,2
4275,EST,201710,16
4276,ARE,201811,3
4277,DNK,201807,3
4278,NLD,202001,3
4279,VNM,201912,1
4280,LUX,201810,3
4281,PHL,201903,1
4282,FIN,201807,1
4283,WST,201912,26
4284,MLT,202007,6
4285,SRB,202007,2
4286,QAT,202006,2
4287,CHN,201805,5
4288,ITA,201709,47
4289,AUT,201703,87
4290,MDA,201703,12
4291,CZE,201711,134
4292,CZE,201512,212
4293,EST,201512,25
4294,BEL,201602,40
4295,MCO,201611,5
4296,UKR,201502,71
4297,,201903,2665
4298,DEU,201805,148
4299,SVK,201904,302
4300,IRN,201507,3
4301,VAT,201901,2
4302,HRV,201505,10
4303,TUR,201608,60
4304,LAO,201801,5
4305,MKD,201707,8
4306,POL,202001,54
4307,PSE,201805,1
4308,LVA,201701,24
4309,AFR,201510,6
4310,JPN,201510,1
4311,MDV,201909,7
4312,AUS,201603,4
4313,MEX,201710,1
4314,ESP,201601,9
4315,JPN,201706,13
4316,DJI,201509,3
4317,NLD,201511,9
4318,JPN,201507,3
4319,IND,201701,3
4320,PAK,201602,4
4321,GRC,201812,4
4322,CUB,201602,4
4323,IND,201607,1
4324,ISL,201512,1
4325,KGZ,201509,2
4326,GBR,201912,33
4327,ISR,201811,2
4328,BGR,201910,11
4329,VNM,201910,2
4330,MEX,201512,1
4331,ZAF,201601,1
4332,MNG,201609,1
4333,DMA,201504,3
4334,MYS,202011,3
4335,QAT,202002,2
4336,VAT,202001,2
4337,SWE,202001,1
4338,ALB,201802,15
4339,NLD,201802,1
4340,EUR,202005,44
4341,HRV,202007,28
4342,UKR,202008,23
4343,SVK,201705,403
4344,IRQ,201805,2
4345,RUS,201701,69
4346,GBR,201805,42
4347,CZE,201708,263
4348,BGR,201507,12
4349,ITA,201602,47
4350,AUS,201611,8
4351,LTU,201504,9
4352,,201608,2445
4353,MDA,201911,13
4354,AUT,201707,32
4355,ISR,201707,69
4356,GRC,201607,6
4357,EGY,201705,6
4358,CZE,201810,314
4359,PRT,201506,3
4360,IRQ,201902,4
4361,IRQ,201601,4
4362,IDN,201808,6
4363,JOR,201704,1
4364,SRB,201704,4
4365,ARE,201702,3
4366,LVA,201506,5
4367,JPN,201602,2
4368,CAN,201606,10
4369,NLD,201503,12
4370,PAK,201711,8
4371,AUT,201904,6
4372,VNM,202004,3
4373,CHN,201811,9
4374,DEU,201806,41
4375,AUT,201806,42
4376,IRL,201811,8
4377,LBN,201509,2
4378,LUX,201507,2
4379,CYP,201511,2
4380,MYS,201901,2
4381,CYP,202011,3
4382,AND,201907,1
4383,MLI,201907,1
4384,PRT,201806,1
4385,SRB,201807,5
4386,ESP,201901,1
4387,HRV,202001,3
4388,ISL,201910,2
4389,ALB,201801,8
4390,DNK,202003,25
4391,SVK,201905,275
4392,MCO,202006,6
4393,BGR,202009,4
4394,,201609,5015
4395,POL,201610,101
4396,IRN,201610,8
4397,ITA,201912,31
4398,MKD,201912,6
4399,ARM,201807,3
4400,SVK,201603,593
4401,POL,202012,35
4402,DEU,201902,109
4403,GBR,201505,76
4404,SRB,201512,27
4405,SRB,201603,9
4406,ARE,201512,25
4407,EUR,201911,65
4408,DEU,201702,40
4409,RUS,201708,45
4410,GBR,201708,20
4411,LVA,201904,3
4412,MKD,201904,3
4413,BEL,201904,23
4414,EST,201502,1
4415,AUT,201905,29
4416,MNG,201712,7
4417,,201809,2015
4418,CZE,201608,174
4419,AUS,201801,7
4420,SVK,201910,227
4421,MCO,201602,5
4422,GRC,201611,15
4423,MEX,201505,1
4424,PAK,201909,2
4425,EST,201612,1
4426,JOR,201602,2
4427,BOL,201710,3
4428,JPN,201705,20
4429,CHN,201810,10
4430,IRL,201904,3
4431,ESP,201808,3
4432,BGR,201607,49
4433,DJI,201508,4
4434,JOR,201605,3
4435,QAT,201505,1
4436,PRT,201708,9
4437,CHE,201611,8
4438,USA,202011,14
4439,PRT,201812,2
4440,SWE,202010,4
4441,KAZ,201805,2
4442,JOR,202004,3
4443,HUN,201905,109
4444,USA,202007,27
4445,VEN,202009,1
4446,TUR,201803,21
4447,LKA,201803,20
4448,UKR,201709,21
4449,HUN,201801,58
4450,FRA,201612,17
4451,EST,201705,23
4452,KAZ,201610,6
4453,SWE,201807,13
4454,,201502,668
4455,GRC,201508,71
4456,SVK,202012,155
4457,SGP,201902,5
4458,POL,201911,120
4459,BEL,201611,57
4460,ISR,201702,15
4461,SRB,201708,4
4462,EGY,201708,22
4463,ESP,201805,21
4464,IRL,201609,18
4465,HUN,201609,296
4466,KWT,201609,3
4467,RUS,201905,151
4468,POL,201712,72
4469,ARM,201602,12
4470,CUB,201509,5
4471,SWE,201701,14
4472,JOR,201808,9
4473,IRL,201902,17
4474,NOR,201510,6
4475,VEN,201506,5
4476,BLR,201711,7
4477,LUX,201910,5
4478,ARM,201707,10
4479,HRV,201605,1
4480,RUS,201607,53
4481,LKA,201906,2
4482,DNK,202012,2
4483,AFR,201702,9
4484,LBN,201609,1
4485,JPN,201708,3
4486,BLR,201804,7
4487,KOR,201902,3
4488,AUS,201510,1
4489,ARE,201503,2
4490,QAT,201512,1
4491,PRK,201604,1
4492,NMR,201703,9
4493,AND,201807,2
4494,OMN,201803,4
4495,COL,202002,1
4496,TJK,201701,8
4497,BRA,201701,5
4498,PRK,201806,5
4499,SWE,201901,1
4500,LVA,202001,4
4501,SSD,201607,5
4502,EUR,202003,25
4503,NLD,202007,10
4504,CHN,202007,20
4505,EST,202006,2
4506,GBR,202009,29
4507,GRC,201710,16
4508,DNK,201612,9
4509,MCO,201706,2
4510,CAN,201807,24
4511,SWE,201610,10
4512,RUS,202012,25
4513,AUT,201902,32
4514,BGR,201505,64
4515,ESP,201509,22
4516,ITA,201804,86
4517,POL,201702,91
4518,SVK,201609,757
4519,LVA,201902,3
4520,WST,201707,3
4521,SRB,201609,36
4522,BLR,201609,19
4523,AUS,201609,10
4524,BLR,201503,1
4525,ITA,201901,16
4526,VNM,201608,7
4527,IRQ,201608,2
4528,AUT,201809,22
4529,FRA,201502,8
4530,CHL,201705,5
4531,EST,201712,8
4532,AZE,201909,2
4533,KNA,201711,1
4534,MDA,201608,3
4535,LBN,201603,2
4536,NGA,201602,2
4537,BGR,201502,5
4538,MLT,201710,20
4539,ALB,201502,3
4540,NAM,201602,1
4541,LVA,201806,32
4542,BRA,201609,3
4543,IRL,201912,6
4544,CHL,201603,3
4545,AFG,201709,1
4546,AFG,201712,2
4547,LBY,201708,3
4548,AFR,201605,2
4549,ARM,201810,4
4550,TJK,201512,1
4551,PRT,201710,13
4552,QAT,201504,2
4553,HRV,201902,7
4554,EGY,201503,2
4555,IRN,201810,3
4556,AZE,201608,2
4557,KEN,201903,1
