,MonthYear,Count,SumGoldsteinScale,Actor2CountryCode
0,202004,27,109.2,RUS
1,202007,3,12.0,NGA
2,202006,3,12.0,AUS
3,202007,1,4.0,AZE
4,202008,33,132.0,CZE
5,202009,27,109.2,UKR
6,202009,3,12.0,NLD
7,201608,42,181.19999999999996,USA
8,201803,11,52.4,IRL
9,201803,26,104.0,LUX
10,201609,29,116.5,FRA
11,201709,75,306.4,DEU
12,201610,27,109.0,DEU
13,201802,29,118.4,GBR
14,201602,111,453.1999998092651,POL
15,201510,10,40.0,ITA
16,201708,10,43.4,CHN
17,201710,2,8.0,IRL
18,201608,1,4.0,LUX
19,201711,2,8.0,PAN
20,201703,59,250.89999999999998,HUN
21,201510,5,22.4,JPN
22,201506,65,271.4,EUR
23,201512,3,12.0,MAR
24,201512,28,112.0,LVA
25,201512,14,56.0,WST
26,201510,2,8.0,GRC
27,201508,2,8.0,MCO
28,201807,41,176.0,RUS
29,201703,8,34.4,BLR
30,201708,2,10.4,LVA
31,201810,2,8.0,AGO
32,201810,1,4.0,VEN
33,201508,6,28.8,ARM
34,201504,2,8.0,ETH
35,201705,22,88.0,SGP
36,201809,1,4.0,VAT
37,201504,3,12.0,AUT
38,201607,2,8.0,PAK
39,201810,12,48.0,TZA
40,201812,2,8.0,ARM
41,201611,1,4.0,MLT
42,201808,8,32.0,HUN
43,201807,2,8.0,ARG
44,201609,9,36.0,CAN
45,201803,1,4.0,NMR
46,201906,3,12.0,AFR
47,201810,1,4.0,AUT
48,202001,17,100.2,GBR
49,201903,7,32.8,JPN
50,201807,3,12.0,MKD
51,201601,1,4.0,SYR
52,201710,1,5.2,KAZ
53,201701,1,4.0,COL
54,202001,3,12.0,EST
55,201507,3,12.0,PER
56,202009,3,12.0,AUT
57,201809,2,8.0,SSD
58,201905,1,4.0,JOR
59,202001,1,4.0,LBY
60,201605,4,16.0,LVA
61,201507,1,4.0,AFR
62,201809,4,20.8,VNM
63,201909,1,7.0,MAR
64,201503,1,4.0,SAU
65,201503,1,4.0,OMN
66,201711,2,8.0,HRV
67,201904,2,8.0,AZE
68,201607,1,4.0,VNM
69,201910,2,8.0,AUS
70,201903,2,8.0,ALB
71,202002,2,9.0,CHE
72,202008,13,52.0,HUN
73,202009,8,36.0,SVK
74,201704,6,25.0,LTU
75,201703,41,167.6,RUS
76,201612,6,24.0,NZL
77,201712,39,159.0,RUS
78,201801,4,16.0,MDA
79,201711,1,4.0,NOR
80,201802,10,42.4,CZE
81,201802,2,8.0,DOM
82,201710,963,4090.3999999999996,
83,201608,2,8.0,LKA
84,201508,39,156.0,EST
85,201705,19,76.0,TUR
86,201804,1,4.0,JPN
87,201605,14,56.0,FRA
88,201509,10,40.0,ISR
89,201609,17,68.0,BGR
90,201609,3,12.0,IND
91,201707,4,16.0,DNK
92,201707,56,235.99999999999994,HRV
93,201909,5,23.2,CZE
94,201502,10,42.4,EUR
95,201812,34,136.0,DNK
96,201906,2,10.4,BHR
97,201907,1,4.0,AUT
98,201808,105,429.59999999999997,USA
99,201606,4,16.0,PHL
100,202012,1,4.0,MDA
101,201910,707,3034.999999999999,
102,201712,2,8.0,PHL
103,201908,6,24.0,TWN
104,201605,5,20.0,ITA
105,202003,2,8.0,HRV
106,202003,3,12.0,COL
107,201910,1,4.0,BGR
108,202002,2,8.0,BGD
109,201908,3,12.0,OMN
110,201908,4,21.4,SVK
111,201901,2,10.4,MDA
112,201902,1,4.0,UGA
113,201811,14,56.0,IDN
114,201907,2,8.0,NLD
115,201801,4,16.0,MWI
116,201710,3,13.5,TWN
117,202002,2,8.0,MKD
118,201710,3,14.4,SWE
119,202003,5,20.0,KOR
120,202004,9,36.0,HUN
121,202005,3,15.600000000000001,CHN
122,202007,2,8.0,BGR
123,201704,61,265.59999999999997,EUR
124,201702,15,63.0,BLR
125,201608,20,83.6,CZE
126,201702,1,4.0,VEN
127,201711,76,316.09999999999997,EUR
128,201706,11,44.0,ISR
129,201510,17,70.4,GBR
130,201510,1,4.0,ARG
131,201605,22,94.0,EST
132,201711,5,20.0,NZL
133,201712,5,20.0,ALB
134,201702,1,4.0,DZA
135,201507,13,56.8,KGZ
136,201506,1,4.0,IRL
137,201508,7,28.0,SYR
138,201702,6,24.0,ISL
139,201702,5,22.4,LTU
140,201604,3,12.0,IDN
141,201809,10,40.0,ITA
142,201904,675,2890.199999999999,
143,201511,5,20.0,GRC
144,201605,51,207.6,IRN
145,201701,4,16.0,IRL
146,201604,3,12.0,ARM
147,201801,1,4.0,AGO
148,201505,2,8.0,TUN
149,201912,5,20.0,BEL
150,201505,6,24.0,ISR
151,201805,16,64.0,ISR
152,201609,1,4.0,PER
153,201901,5,20.0,BLR
154,201905,13,52.0,LTU
155,201912,4,16.0,JPN
156,201805,4,16.0,ALB
157,201810,3,12.0,PAN
158,201804,1,5.2,FIN
159,202011,38,168.2,POL
160,202011,28,112.0,USA
161,201604,6,24.0,CUB
162,201809,51,212.5,HUN
163,201912,2,8.0,CYP
164,201606,8,32.0,IRN
165,202002,3,12.0,NLD
166,201911,1,4.0,GRC
167,201607,1,4.0,JPN
168,201607,6,24.0,KEN
169,201812,1,4.0,CAN
170,201908,1,4.0,CAN
171,201606,1,4.0,EGY
172,201902,3,12.0,SLE
173,201906,4,16.0,SAU
174,202004,2,8.0,BEL
175,202007,79,324.8,USA
176,202006,64,298.5,DEU
177,202007,1,4.0,SYR
178,202006,1,4.0,ARG
179,202008,2,8.0,WST
180,201707,4,16.0,ESP
181,201706,13,57.599999999999994,SWE
182,201801,42,193.0,BEL
183,201612,5,23.6,LVA
184,201711,5,24.8,CHL
185,201711,11,44.0,BEL
186,201703,15,61.2,ESP
187,201705,6,27.6,CAN
188,201502,27,120.80000000000001,POL
189,201701,2,8.0,NOR
190,201706,12,48.0,MKD
191,201810,2,8.0,LKA
192,201904,3,12.0,CHE
193,201904,95,406.9,POL
194,201710,1,4.0,JOR
195,201812,17,68.0,NLD
196,201610,11,46.4,TUR
197,201610,8,32.0,LVA
198,201810,6,24.0,LUX
199,201811,2,8.0,BGD
200,201601,5,21.0,CHN
201,201909,120,508.79999999999995,POL
202,201909,3,15.600000000000001,EST
203,201601,15,60.0,CZE
204,201812,1,4.0,IND
205,201907,31,128.8,DEU
206,201911,4,16.0,BEL
207,201606,74,297.2,USA
208,201606,22,88.0,BEL
209,201901,11,44.0,BRA
210,201612,3,12.0,PER
211,201908,11,46.4,HUN
212,202010,2,8.0,IDN
213,201810,2,9.2,BRA
214,202012,7,28.0,RUS
215,201512,2,8.0,MLT
216,201608,1,4.0,BEL
217,201806,6,24.0,PAN
218,201707,2,8.0,AFG
219,201806,7,34.0,NLD
220,201907,3,12.0,BLR
221,201910,1,5.2,TGO
222,201808,7,28.0,FRA
223,201808,5,20.0,EST
224,201710,2,8.0,PSE
225,202012,1,4.0,EGY
226,201801,1,4.0,MEX
227,202012,1,4.0,ALB
228,201904,4,25.0,ESP
229,202010,2,8.0,PAK
230,201903,3,12.0,CHE
231,201912,2,10.4,BHS
232,201909,2,8.0,GRC
233,202005,18,77.4,UKR
234,201907,94,410.2,USA
235,202007,3,12.0,ALB
236,201704,63,265.79999999999995,RUS
237,201704,13,54.5,BGR
238,201608,136,582.4000000000001,POL
239,201608,119,480.1,UKR
240,201706,16,70.6,ITA
241,201803,3,12.0,NLD
242,201511,110,453.4,EUR
243,201604,127,531.0999999999999,POL
244,201506,47,188.0,BGR
245,201605,40,160.0,GRC
246,201511,6,24.0,SRB
247,201609,56,224.0,CZE
248,201708,14,60.8,LTU
249,201707,2,8.0,AUT
250,201604,8,50.0,AFR
251,201612,27,108.0,ALB
252,201707,5,20.0,LBY
253,201902,33,132.0,SVK
254,201601,8,32.0,LTU
255,201710,4,16.0,AUS
256,201607,211,938.5999999999999,UKR
257,201607,1,4.0,ISL
258,201607,7,28.0,SWE
259,201905,13,52.0,GBR
260,201801,78,312.0,ISR
261,201606,30,120.0,MKD
262,201507,2,8.0,CHN
263,201901,32,128.0,FRA
264,201508,1,4.0,BLZ
265,201505,1,4.0,CUB
266,201906,2,8.0,SWE
267,201509,2,8.0,MNG
268,201911,110,468.20000000000005,USA
269,201505,2,8.0,NPL
270,201612,1,4.0,CHL
271,201510,1,4.0,DOM
272,201904,4,16.0,PAK
273,201908,7,28.0,BLR
274,201905,4,17.2,IRL
275,201905,1,4.0,ESP
276,201608,7,28.0,PAN
277,201902,21,109.2,CHN
278,201502,1,4.0,LBN
279,201508,1,4.0,COL
280,201701,1,4.0,HRV
281,201607,3,12.0,ALB
282,201707,1,4.0,MDA
283,201907,2,8.0,BHR
284,202011,1,4.0,GBR
285,202006,6,25.2,BLR
286,202007,3,12.0,FRA
287,201611,3,12.0,IRL
288,201803,111,484.0,UKR
289,201604,10,41.2,HUN
290,201508,169,679.2,UKR
291,201512,84,338.2,GBR
292,201802,1,4.0,NPL
293,201703,313,1275.8,GBR
294,201610,2,8.0,IRQ
295,201705,1,4.0,BRA
296,201602,42,168.0,SVK
297,201505,28,118.0,FRA
298,201509,1,4.0,LBY
299,201609,7,28.0,SEN
300,201609,100,412.0,UKR
301,201608,13,53.2,TUR
302,201512,4,16.0,NLD
303,201902,4,16.0,LKA
304,201503,3,12.0,BGR
305,201612,1,4.0,LUX
306,201512,5,20.0,TUR
307,201702,1,4.0,GIN
308,201909,4,16.0,NZL
309,201709,1,4.0,THA
310,201903,3,12.0,ISL
311,201607,5,20.0,IDN
312,201705,4,20.8,AFR
313,201705,8,32.0,KAZ
314,201611,3,12.0,URY
315,201806,43,175.9,UKR
316,201803,2,9.0,AFG
317,202010,4,16.0,GRC
318,201811,2,8.0,RWA
319,201902,5,20.0,OMN
320,201707,2,8.0,RWA
321,201706,2,8.0,UGA
322,201910,5,20.0,LVA
323,201908,1,4.0,CUB
324,202003,1,4.0,VEN
325,201811,2,8.0,SVK
326,201606,2,9.2,HRV
327,201504,2,10.4,SGP
328,201902,1,4.0,SYR
329,202003,1,4.0,COD
330,201708,1,4.0,AZE
331,202003,53,234.70000000000002,POL
332,202004,454,1965.1999999999998,
333,201906,52,239.20000000000005,RUS
334,202009,3,12.0,CAN
335,201702,1,4.0,AUS
336,201608,991,4201.299999999999,
337,201608,13,52.0,WST
338,201805,7,30.0,LVA
339,201709,4,17.2,ESP
340,201612,20,82.4,RUS
341,201610,44,179.4,UKR
342,201712,937,3986.6999999999994,
343,201602,25,100.0,BLR
344,201708,43,181.0,DEU
345,201710,122,506.4,UKR
346,201711,17,68.0,HUN
347,201610,3,12.0,IRL
348,201604,5,22.4,ISR
349,201801,3,15.600000000000001,PRT
350,201504,22,88.0,NLD
351,201703,23,106.39999999999999,EGY
352,201509,6,24.0,ETH
353,201801,7,28.0,CAN
354,201601,4,16.0,BRA
355,201810,14,56.0,MDA
356,201707,12,48.0,LUX
357,201707,3,12.0,TUR
358,201902,25,100.0,BLR
359,201509,16,64.0,TUR
360,201811,28,113.2,DNK
361,201509,2,8.0,DNK
362,201705,1,4.0,MKD
363,201909,4,16.0,PAK
364,201508,8,32.0,WST
365,201705,7,28.0,TUN
366,201812,3,15.0,CHN
367,201711,1,4.0,CMR
368,201907,12,48.0,MDA
369,201901,11,44.0,AFR
370,201905,29,120.80000000000001,RUS
371,202010,2,8.0,ESP
372,201802,2,8.0,VNM
373,201903,1,4.5,CIV
374,201911,4,16.0,FRA
375,201906,5,20.0,PRT
376,201809,2,8.0,ECU
377,201809,4,16.0,TJK
378,201702,3,12.0,SWE
379,201708,3,15.600000000000001,MEX
380,201512,1,4.0,AUS
381,201511,1,4.0,LBN
382,201904,3,12.0,SAU
383,201809,6,24.0,CAN
384,201809,5,20.0,BLR
385,201906,2,8.0,COL
386,201605,1,4.0,ARG
387,201809,1,4.0,SGP
388,201607,2,8.0,DOM
389,202002,1,4.0,GRC
390,201506,2,10.4,PSE
391,201505,2,8.0,MUS
392,201912,4,16.0,IND
393,201703,3,12.0,KOR
394,202006,22,95.0,SVK
395,202007,4,16.0,CAN
396,202008,126,523.8,USA
397,201608,48,192.5,FRA
398,201608,1,4.0,PAK
399,201707,2,8.0,PAN
400,201801,12,48.0,LUX
401,201603,99,404.2,TUR
402,201511,14,56.0,BEL
403,201504,1,4.0,TUN
404,201706,8,35.599999999999994,AZE
405,201707,2,8.0,CHE
406,201702,2,10.4,AZE
407,201812,8,32.0,AUS
408,201512,4,20.8,AFG
409,201503,2,8.0,ECU
410,201908,4,16.0,CHE
411,201908,3,12.0,TUR
412,201707,14,56.5,WST
413,201607,13,52.0,BLR
414,201606,138,559.2,EUR
415,201711,1,4.0,SEA
416,201912,3,12.0,LVA
417,202001,28,114.4,EUR
418,201811,2,8.0,NMR
419,201909,1,4.0,BTN
420,202010,6,24.0,GBR
421,202010,14,56.0,BLR
422,201810,9,36.0,IRL
423,201609,4,16.0,PRT
424,202001,56,235.4,DEU
425,202001,23,97.4,FRA
426,201808,13,61.6,CHN
427,201505,1,4.0,KOR
428,201605,4,18.4,CHE
429,201612,1,4.0,AGO
430,201510,1,4.0,VAT
431,201503,2,8.0,KAZ
432,201911,9,36.0,ISR
433,201901,11,44.0,SYR
434,201812,16,64.0,IRN
435,201907,11,44.0,ARM
436,201607,2,8.0,CUB
437,201901,1,4.0,KWT
438,201801,2,9.2,KGZ
439,201606,2,8.0,MLT
440,201504,1,4.0,DZA
441,201905,1,4.0,MHL
442,201904,10,40.0,BEL
443,202012,2,8.0,TUR
444,201701,9,43.2,HUN
445,201903,2,10.4,ARG
446,202004,17,68.0,UKR
447,202007,4,16.0,WST
448,202008,11,44.0,BEL
449,201711,6,27.6,EGY
450,201704,8,32.0,AUS
451,201706,4,16.0,BLR
452,201805,17,83.6,SVK
453,201610,2,10.4,KHM
454,201801,76,305.7,UKR
455,201801,6,24.0,PAK
456,201706,1,4.0,KEN
457,201505,8,32.0,ESP
458,201602,55,234.79999999999998,UKR
459,201804,35,153.0,HUN
460,201807,36,170.8,DEU
461,201604,1,4.0,AUS
462,201709,2,8.0,GRC
463,201506,26,104.0,BEL
464,201902,7,30.4,WST
465,201610,1,7.0,DNK
466,201710,15,60.0,BGR
467,201909,13,52.0,DNK
468,201810,3,13.2,CHE
469,201505,4,16.0,OMN
470,201601,2,11.0,JPN
471,201806,28,118.0,BEL
472,201806,72,318.0,USA
473,201603,1,4.0,DZA
474,201609,5,20.0,SWE
475,201612,1,5.2,CHN
476,201805,6,33.0,AUS
477,201603,1,4.0,PRK
478,201909,17,74.0,LTU
479,201811,2,8.0,TWN
480,201804,2,8.0,NGA
481,201902,2,8.0,MEX
482,201904,5,22.4,WST
483,202003,2,8.0,IDN
484,201807,2,8.0,SYR
485,201910,7,28.0,LUX
486,201510,2,8.0,AGO
487,201909,4,16.0,BRA
488,201809,2,8.0,NLD
489,201905,1,4.0,AFG
490,201910,3,12.0,CYP
491,202009,2,8.0,GBR
492,202002,54,230.0,USA
493,201611,159,665.1999999999999,GBR
494,201704,13,61.599999999999994,SYR
495,201604,982,4152.099999999997,
496,201706,7,28.0,CAN
497,201612,5,21.2,AZE
498,201610,8,34.4,KOR
499,201803,6,31.2,AZE
500,201804,11,44.0,LUX
501,201711,2,8.0,LUX
502,201705,4,17.2,EGY
503,201705,4,16.0,VAT
504,201510,32,134.60000000000002,RUS
505,201602,15,60.0,BEL
506,201510,7,28.0,TZA
507,201603,13,52.0,BEL
508,201708,2,8.0,NZL
509,201702,7,28.0,DNK
510,201511,8,34.4,TUR
511,201603,30,129.60000000000002,CZE
512,201810,3,12.0,CAN
513,201507,11,44.0,KOR
514,201605,2,8.0,DNK
515,201803,7,28.0,ZWE
516,201803,2,8.0,CHE
517,201712,1,4.0,CAN
518,201709,1,4.0,IDN
519,201801,1,5.2,PSE
520,201505,2,8.0,DZA
521,201610,1,4.0,MKD
522,201609,2,8.0,SGP
523,201905,1,4.0,MCO
524,201807,1,4.0,CHE
525,202010,389,1672.2,
526,202010,27,108.0,EUR
527,201608,1,4.0,BRA
528,201611,1,4.0,AFG
529,201702,3,15.600000000000001,KOR
530,201901,64,256.0,IRN
531,201701,5,25.0,TWN
532,202005,1,4.0,COL
533,201805,1,4.0,ECU
534,202012,3,12.0,SVK
535,202012,2,8.0,NMR
536,201901,2,8.0,MCO
537,201902,1,4.0,ECU
538,201611,2,8.0,AUS
539,201706,988,4167.4,
540,201704,6,24.0,PRT
541,201801,4,18.4,AFR
542,201605,1178,5006.399999999994,
543,201803,7,28.0,MDG
544,201802,16,66.0,HUN
545,201804,100,436.0,USA
546,201703,14,62.0,EST
547,201703,18,72.0,FRA
548,201705,9,37.2,LVA
549,201505,50,210.6,USA
550,201506,17,68.0,DNK
551,201603,8,32.0,LTU
552,201804,9,42.0,KWT
553,201511,3,13.2,TGO
554,201511,7,28.0,ISR
555,201509,29,119.0,FRA
556,201601,4,16.0,VAT
557,201805,2,8.0,ARM
558,201902,54,221.4,DEU
559,201812,1,4.0,PER
560,201812,3,12.0,SOM
561,201512,4,17.2,ARG
562,201604,12,48.0,TUR
563,201607,96,405.0,EUR
564,201705,3,12.0,NOR
565,201510,5,25.0,LVA
566,201806,11,45.2,SWE
567,201510,3,12.0,SWE
568,201808,16,64.0,NZL
569,201712,13,52.0,HRV
570,201904,3,15.600000000000001,QAT
571,201903,4,20.8,KOR
572,201912,1,4.0,NOR
573,202003,3,14.4,JPN
574,201708,3,12.0,FIN
575,201603,1,4.0,NMR
576,201904,2,8.0,NLD
577,201809,2,8.0,QAT
578,201911,3,12.0,BGR
579,201901,5,20.0,JPN
580,202002,15,60.0,HUN
581,201806,1,4.0,GRC
582,201910,7,28.0,BEL
583,201910,2,10.4,CHE
584,202001,6,24.0,HUN
585,201905,4,16.0,PSE
586,201905,2,8.0,FIN
587,202001,9,38.4,IRN
588,201806,5,22.4,NOR
589,202004,2,8.0,KGZ
590,201703,3,21.0,SWE
591,202002,1,4.0,MMR
592,202003,29,133.4,USA
593,202006,6,24.0,GBR
594,202009,1,4.0,EGY
595,201707,26,106.4,BEL
596,201711,3,12.0,SGP
597,201711,1,5.2,MDA
598,201803,7,28.0,IRQ
599,201510,84,355.19999999999993,EUR
600,201602,2,8.0,PAK
601,201701,5,20.0,CHE
602,201604,5,22.4,JPN
603,201609,59,246.4,EUR
604,201510,7,33.0,EST
605,201810,19,82.5,GBR
606,201504,13,53.5,GBR
607,201812,34,137.0,SWE
608,201509,3,12.0,EST
609,201711,1,4.0,BRA
610,201601,3,12.0,MEX
611,201908,5,20.0,ITA
612,201506,6,27.0,NLD
613,201712,2,9.2,SEN
614,201909,5,20.0,JPN
615,201705,4,16.0,ETH
616,201606,12,48.0,VAT
617,202012,2,8.0,MKD
618,201803,1,4.0,ARG
619,201908,4,16.0,IRL
620,201807,5,20.0,PAN
621,201610,1,4.0,HTI
622,201903,18,74.4,CZE
623,201903,1,4.0,ZAF
624,201701,6,24.0,PHL
625,201903,8,32.0,LTU
626,202007,16,64.0,CZE
627,202007,3,12.0,KOR
628,201611,7,28.0,TUN
629,201703,201,832.5000000000001,POL
630,201701,91,390.4,USA
631,201706,155,627.2,DEU
632,201612,7,30.4,EST
633,201801,2,8.0,AUT
634,201802,20,95.60000000000002,SYR
635,201510,3,12.0,KOR
636,201506,16,65.2,WST
637,201504,9,37.2,WST
638,201503,6,24.0,TWN
639,201804,5,20.0,LTU
640,201509,10,40.0,BRA
641,201502,3,12.0,NLD
642,201610,1,4.0,MYS
643,201501,3,12.0,
644,201805,6,24.0,LUX
645,201908,77,308.0,DNK
646,201909,21,84.0,GBR
647,201611,2,10.4,AGO
648,201509,4,16.0,KAZ
649,201506,2,12.0,IRN
650,201801,4,16.0,AZE
651,201806,6,24.0,ESP
652,201912,9,36.0,GBR
653,201606,88,358.0,WST
654,201808,3,12.0,AUT
655,201703,4,16.0,NLD
656,201910,51,211.2,UKR
657,201806,3,12.0,COL
658,202012,5,21.2,CHN
659,201911,16,64.0,GBR
660,201804,1,4.0,NZL
661,201907,1,4.0,PHL
662,201903,6,28.799999999999997,NLD
663,201911,4,16.0,DNK
664,202001,4,16.0,SAU
665,201904,2,8.0,DNK
666,201512,1,7.0,NGA
667,202001,2,8.0,NGA
668,201809,2,8.0,ISL
669,201908,1,4.0,CHN
670,201903,2,8.0,LVA
671,201909,1,4.0,LKA
672,201812,3,12.0,BLR
673,202005,4,16.0,EST
674,202005,2,8.0,NOR
675,202007,3,12.0,MMR
676,202008,8,32.0,FRA
677,202008,2,8.0,ITA
678,202009,6,28.799999999999997,FRA
679,201611,64,286.6,RUS
680,201611,14,56.0,CHE
681,201608,66,264.0,DEU
682,201803,76,311.6,RUS
683,201610,39,162.0,BLR
684,201510,5,20.0,IDN
685,201803,18,78.0,ITA
686,201601,153,659.4000000000001,POL
687,201711,24,100.8,RUS
688,201708,4,16.0,VEN
689,201705,2,8.0,KOR
690,201702,2,8.0,CHL
691,201509,89,379.99999999999994,USA
692,201507,20,80.0,CZE
693,201505,8,32.0,LVA
694,201603,11,46.400000000000006,SDN
695,201901,813,3420.5999999999995,
696,201504,3,12.0,BEL
697,201509,5,20.0,NLD
698,201605,1,4.0,KEN
699,201810,6,24.0,ISL
700,201811,3,12.0,FJI
701,201603,2,14.0,FIN
702,201509,8,32.0,CYP
703,201909,2,8.0,KOR
704,201611,2,8.0,SEN
705,201701,45,190.2,UKR
706,201912,4,18.4,CHN
707,201503,4,16.0,KEN
708,201707,4,16.0,PSE
709,201806,6,24.0,CAN
710,201502,2,10.4,WST
711,201711,2,8.0,TUR
712,201905,37,158.2,EUR
713,201911,38,165.0,UKR
714,202010,99,409.79999999999995,UKR
715,202010,2,9.2,CHE
716,202011,5,25.4,ITA
717,201611,2,8.0,ARM
718,201912,14,56.0,SVK
719,201903,4,20.8,KWT
720,202003,2,8.0,TUR
721,201910,12,48.0,NGA
722,201907,1,4.0,IDN
723,201808,1,4.0,SGP
724,201901,4,16.0,IND
725,201812,3,12.0,IDN
726,201910,2,8.0,LTU
727,201910,3,13.2,KOR
728,201907,5,20.0,CAN
729,202012,1,4.0,ARE
730,201707,1,4.0,CHL
731,202007,26,125.0,DEU
732,202006,39,174.9,EUR
733,202008,1,4.0,VAT
734,202009,91,378.9,POL
735,201704,26,104.0,BLR
736,201702,2,8.0,NZL
737,201602,987,4123.7999982833835,
738,201611,2,8.0,NZL
739,201801,29,119.6,RUS
740,201705,28,114.4,RUS
741,201801,33,132.0,BGR
742,201802,57,228.0,EUR
743,201511,9,36.0,IRL
744,201604,2,8.0,GIN
745,201511,31,127.60000000000001,BGR
746,201703,7,28.0,AUT
747,201704,2,8.0,MLT
748,201804,3,13.2,BRA
749,201505,27,109.2,GBR
750,201509,83,335.6,CZE
751,201812,910,3936.8999999999996,
752,201608,6,24.0,SRB
753,201811,1,4.0,EST
754,201802,13,52.0,BGR
755,201607,10,40.0,ISR
756,201807,13,54.4,ITA
757,201510,4,16.0,AUS
758,201811,7,35.2,PRT
759,201908,2,8.0,ISL
760,202010,6,24.0,LTU
761,201906,3,12.0,NLD
762,201907,13,52.0,DNK
763,201707,1,4.0,SAU
764,201901,2,8.0,MMR
765,201808,1,5.2,DOM
766,202001,2,8.0,MEX
767,201610,2,8.0,ALB
768,201507,1,4.0,PHL
769,201904,3,12.0,SDN
770,201812,8,33.2,ETH
771,201910,4,16.0,NOR
772,201912,3,12.0,NLD
773,201704,1,4.0,HRV
774,202004,4,18.4,GBR
775,202005,5,22.4,ITA
776,202006,12,48.0,FRA
777,201704,5,20.0,EST
778,201707,155,653.3,EUR
779,201701,7,30.0,BEL
780,201801,4,22.0,SWE
781,201804,3,12.0,COL
782,201610,59,260.8,FRA
783,201705,45,187.2,UKR
784,201505,52,212.79999999999998,EUR
785,201801,9,36.0,NPL
786,201805,3,13.2,CHN
787,201506,2,9.0,SEN
788,201503,3,12.0,PER
789,201707,29,128.0,CHN
790,201612,5,20.0,NOR
791,201708,1,4.0,SYR
792,201805,14,56.0,ESP
793,201502,2,8.0,SVK
794,201611,8,32.0,LTU
795,201707,4,16.0,UGA
796,201802,2,8.0,MAR
797,201903,603,2552.7999999999993,
798,201607,23,92.0,VAT
799,201905,32,134.0,UKR
800,201703,3,12.0,DNK
801,202011,15,63.6,DEU
802,201809,7,28.0,THA
803,202012,5,20.0,CZE
804,201809,6,24.0,GTM
805,201907,3,12.0,AZE
806,201807,1,4.0,JAM
807,201911,3,15.600000000000001,MKD
808,201910,6,24.0,CHL
809,201605,1,4.0,CUB
810,201910,2,8.0,MKD
811,201606,5,20.0,LVA
812,202010,2,8.0,TJK
813,201910,2,8.0,MLT
814,201908,1,4.0,BRA
815,201701,2,10.4,TUR
816,202004,1,4.0,KHM
817,202005,4,16.0,FRA
818,202008,39,157.2,UKR
819,202006,2,8.0,TWN
820,202008,2,10.4,NGA
821,201702,18,72.0,EST
822,201612,6,25.2,BEL
823,201805,4,16.0,CAN
824,201610,21,85.2,ESP
825,201801,78,324.0,USA
826,201601,81,335.4,UKR
827,201512,35,146.0,RUS
828,201702,14,56.0,CZE
829,201503,66,270.0,EUR
830,201505,8,32.0,BRA
831,201604,56,228.0,WST
832,201602,2,8.0,BRA
833,201805,21,84.0,FRA
834,201512,6,24.0,ESP
835,201604,12,48.0,BEL
836,201503,9,36.0,ESP
837,201709,8,32.0,HRV
838,201705,3,12.0,AUT
839,201507,3,12.0,MKD
840,201504,1,4.0,NZL
841,201712,2,8.0,NOR
842,201810,8,38.0,LTU
843,201905,119,486.4,USA
844,201905,3,12.0,SAU
845,201812,6,25.2,WST
846,201807,8,35.6,ESP
847,201810,2,8.0,UZB
848,201811,10,52.0,AUT
849,201809,4,16.0,IRL
850,201806,6,24.0,CHE
851,201904,4,16.0,LUX
852,201906,8,35.6,IRN
853,201912,3,12.0,SWE
854,201910,2,8.0,ESP
855,201910,3,12.0,TJK
856,201711,7,28.0,IRQ
857,201601,1,4.0,BLR
858,201908,2,8.0,NGA
859,201905,1,4.0,LVA
860,202004,4,20.8,FRA
861,202007,7,29.2,RUS
862,202004,7,34.0,CHN
863,202008,67,282.2,POL
864,201608,9,46.800000000000004,JOR
865,201611,2,8.0,JOR
866,201805,19,78.0,LTU
867,201805,59,248.4,UKR
868,201704,2,9.2,ARG
869,201709,7,30.4,ITA
870,201709,19,85.0,BEL
871,201709,13,56.8,CHN
872,201801,34,139.5,DEU
873,201712,92,403.2,EUR
874,201508,133,545.8,POL
875,201701,47,195.4,DEU
876,201508,11,44.0,IRN
877,201904,39,175.20000000000005,FRA
878,201612,6,24.0,IRL
879,201509,10,40.0,JPN
880,201811,40,178.0,FRA
881,201703,1,4.0,FIN
882,201505,7,28.0,PRT
883,201907,2,8.0,JOR
884,201808,19,76.0,AUS
885,201910,16,64.0,CZE
886,201911,2,10.0,CHL
887,201607,5,20.0,MKD
888,201504,1,4.0,DNK
889,202010,3,12.0,NLD
890,201907,2,8.0,NOR
891,201601,2,8.0,FIN
892,201510,2,8.0,MDA
893,201609,1,4.0,KGZ
894,201809,2,8.0,PAK
895,201901,9,36.0,BEL
896,201806,14,56.0,FRA
897,201912,2,8.0,MKD
898,201808,2,10.4,MLT
899,201905,3,12.0,ARM
900,201904,11,44.0,BLR
901,201905,2,8.0,VAT
902,202010,3,12.0,FIN
903,201607,1,4.0,VEN
904,201909,2,8.0,HTI
905,201511,1,4.0,IND
906,202006,120,514.8,POL
907,202007,2,10.4,NZL
908,202007,3,12.0,SWE
909,202009,1,4.0,JPN
910,202009,7,28.0,VAT
911,201611,47,189.2,CAN
912,201703,21,90.5,GRC
913,201709,6,24.0,IRQ
914,201610,3,12.0,MAR
915,201610,16,64.0,CZE
916,201801,1,5.2,DZA
917,201712,9,37.2,SVK
918,201603,52,210.2,EUR
919,201801,1,4.0,URY
920,201803,3,12.0,CUB
921,201711,3,12.0,SRB
922,201508,82,328.0,DEU
923,201512,14,56.0,BLR
924,201512,4,16.0,PHL
925,201706,9,36.0,NOR
926,201507,5,20.0,ZMB
927,201810,14,56.0,ITA
928,201902,3,12.0,DZA
929,201506,2,8.0,BTN
930,201710,2,8.0,VEN
931,201909,5,21.2,EGY
932,201502,3,12.0,DNK
933,201607,2,8.0,SDN
934,201810,2,8.0,SWE
935,201604,1,4.0,CAN
936,201606,68,273.2,FRA
937,201605,1,4.0,COL
938,201807,9,36.0,CZE
939,201507,2,8.0,ERI
940,201612,5,26.0,TUR
941,202010,13,52.0,RUS
942,201606,17,68.0,CHE
943,201510,2,10.4,LBN
944,201607,2,8.0,NGA
945,201905,2,8.0,SOM
946,201603,1,4.0,IDN
947,202009,1,4.0,IDN
948,202009,4,16.0,NGA
949,201609,1,4.0,PSE
950,201609,1,4.0,VAT
951,201905,1,4.0,BOL
952,201906,1,4.0,KOR
953,201603,2,8.0,MAR
954,202004,1,4.0,KAZ
955,202007,3,12.0,EST
956,202009,12,49.0,BEL
957,201611,7,28.0,IDN
958,201704,2,8.0,AUT
959,201706,39,156.0,CZE
960,201801,14,63.0,FRA
961,201708,104,425.6,POL
962,201610,1,4.0,MEX
963,201705,3,12.0,SVK
964,201712,7,29.2,AFR
965,201605,14,56.0,GBR
966,201511,31,124.0,HUN
967,201512,25,100.0,FRA
968,201511,12,48.0,LVA
969,201710,31,137.2,DEU
970,201902,23,93.2,GBR
971,201902,79,326.8,IRN
972,201608,3,12.0,CHN
973,201908,158,638.3,UKR
974,201702,2,8.0,PER
975,201712,3,18.0,PSE
976,201701,4,18.4,SVK
977,201810,10,42.4,HUN
978,201607,10,40.0,LVA
979,201812,57,267.0,EUR
980,201808,30,127.2,RUS
981,201603,5,20.0,LUX
982,201710,8,32.0,CHE
983,201609,1,4.0,DOM
984,201901,33,132.0,ISR
985,201901,2,8.5,NLD
986,201703,4,17.2,AGO
987,201912,1,4.0,ISR
988,201803,1,4.0,MAR
989,201908,31,124.0,FRA
990,201502,1,4.0,GRC
991,201503,1,4.0,FIN
992,201904,15,62.4,LTU
993,202003,7,28.0,EST
994,201807,4,17.2,SDN
995,201710,1,4.0,NMR
996,201511,1,4.0,MEX
997,201909,1,4.0,ITA
998,202009,4,16.0,LBY
999,201909,1,4.0,TWN
1000,201908,7,36.4,LTU
1001,201809,6,24.0,AUT
1002,201902,8,32.0,YEM
1003,201610,2,8.0,NGA
1004,201607,1,4.0,ZWE
1005,201809,2,8.0,MEA
1006,201606,1,4.0,CMR
1007,201904,1,4.0,COD
1008,201504,1,5.2,ARE
1009,201701,5,20.0,EGY
1010,201701,2,8.0,AFG
1011,202004,19,77.2,USA
1012,202007,13,59.2,GBR
1013,202008,32,138.8,RUS
1014,202003,43,182.2,GBR
1015,201702,27,123.6,HUN
1016,201704,1,4.0,ISL
1017,201801,4,16.0,GRC
1018,201712,5,20.0,AUT
1019,201510,87,363.59999999999997,USA
1020,201801,3,13.2,NOR
1021,201701,2,8.0,NGA
1022,201509,2,9.2,ARG
1023,201505,1,4.0,IRL
1024,201710,33,133.5,FRA
1025,201504,6,27.599999999999998,CHE
1026,201811,44,187.99999999999997,RUS
1027,201506,2,8.0,MEX
1028,201512,1,4.0,VEN
1029,201602,3,14.399999618530273,DZA
1030,201806,13,52.0,AUT
1031,202012,21,84.0,UKR
1032,201506,1,4.0,NGA
1033,201906,11,44.0,EGY
1034,201906,33,142.2,DEU
1035,201902,4,16.0,ARE
1036,201806,8,32.0,DNK
1037,201905,1,7.0,AZE
1038,201611,1,4.0,IND
1039,201505,3,15.600000000000001,NGA
1040,201710,4,16.0,AFR
1041,201604,1,4.0,SYR
1042,201609,2,8.0,MLT
1043,201606,4,16.0,KWT
1044,202005,1,4.0,BEL
1045,201905,5,24.8,EST
1046,202002,1,4.0,ARG
1047,201607,1,4.0,MEX
1048,201501,1,4.0,POL
1049,201908,2,8.0,MYS
1050,201707,1,4.0,MCO
1051,201712,1,4.0,VAT
1052,201803,62,257.4,ISR
1053,201706,36,144.0,HRV
1054,201709,6,24.0,DNK
1055,201802,20,80.0,MKD
1056,201803,1,4.0,ISL
1057,201703,2,8.0,LUX
1058,201703,1,4.0,PHL
1059,201509,40,164.8,DEU
1060,201601,3,12.0,NLD
1061,201610,4,16.0,BRA
1062,201602,35,146.8,WST
1063,201511,61,263.59999999999997,UKR
1064,201709,4,16.0,ARE
1065,201702,1,4.0,BRA
1066,201511,3,12.0,MAR
1067,201706,2,10.0,VEN
1068,201605,8,34.0,CHN
1069,201811,4,17.2,NOR
1070,201811,47,194.0,EUR
1071,201812,1,4.0,MKD
1072,201907,23,94.4,LTU
1073,201907,7,28.0,CZE
1074,201902,3,12.0,VNM
1075,201912,39,159.60000000000002,UKR
1076,201906,30,121.5,LTU
1077,201906,14,56.0,ITA
1078,201807,10,40.0,EST
1079,201604,1,4.0,EST
1080,201904,58,248.2,GBR
1081,201605,7,28.0,SWE
1082,201809,1,4.0,UZB
1083,202003,9,36.0,CAN
1084,201807,5,20.0,SVK
1085,202011,2,8.0,HRV
1086,201910,11,46.4,RUS
1087,202002,61,252.4,POL
1088,201706,2,10.4,SDN
1089,201609,3,15.600000000000001,AZE
1090,201911,6,26.4,WST
1091,201901,2,8.0,BGR
1092,201506,1,4.0,CYP
1093,201910,13,53.2,NLD
1094,201511,1,4.0,VEN
1095,201704,2,8.0,PRK
1096,202009,34,142.4,HUN
1097,201704,1,4.0,AZE
1098,201704,84,340.8,GBR
1099,201709,17,71.0,LTU
1100,201612,33,139.2,GBR
1101,201802,90,370.6,UKR
1102,201710,10,40.0,LBY
1103,201704,21,84.0,BEL
1104,201703,1,4.0,JPN
1105,201510,14,56.0,LKA
1106,201503,18,79.2,CZE
1107,201504,3,12.0,CHL
1108,201708,7,34.0,MDA
1109,201708,1,5.2,THA
1110,201603,3,12.0,ISR
1111,201509,4,16.0,CAN
1112,201611,4,17.2,HRV
1113,201612,1,4.0,MAR
1114,201506,2,8.0,ARE
1115,201610,2,10.4,AGO
1116,201610,5,20.0,AUS
1117,201510,1,4.0,EGY
1118,201812,10,40.0,ISR
1119,201502,1,4.0,TUN
1120,201907,2,8.0,GIN
1121,201902,3,12.0,PRK
1122,201710,2,8.0,ARG
1123,201504,2,8.0,ESP
1124,201902,2,8.0,ESP
1125,201903,10,40.0,AZE
1126,202011,1,4.5,BEL
1127,201504,2,8.0,PRT
1128,201603,1,4.0,THA
1129,201809,1,4.0,CHL
1130,201811,4,16.0,LUX
1131,201809,1,5.2,EST
1132,201712,3,12.0,IRN
1133,201607,2,8.0,MDA
1134,201910,4,16.0,NZL
1135,202004,1,4.0,MAR
1136,201903,3,15.0,DNK
1137,202003,1,4.0,NOR
1138,201907,101,434.0,POL
1139,202009,2,8.0,CYP
1140,201611,3,12.0,UZB
1141,201703,14,56.5,CZE
1142,201707,178,712.0,RUS
1143,201611,5,20.0,OMN
1144,201709,103,423.79999999999995,POL
1145,201610,104,425.0,EUR
1146,201712,13,52.0,ITA
1147,201710,32,129.2,GBR
1148,201705,10,40.0,EST
1149,201604,14,56.0,FRA
1150,201509,7,28.0,SYR
1151,201503,1,5.2,IND
1152,201609,156,648.8,GBR
1153,201810,15,63.4,CZE
1154,201611,1,4.0,CUB
1155,201811,1,4.0,IND
1156,201601,1,4.0,ZWE
1157,201805,10,46.0,TUR
1158,201804,4,16.0,LVA
1159,201511,6,24.0,COL
1160,201503,3,14.399999999999999,KOR
1161,201808,2,8.0,BRA
1162,201509,4,16.0,PSE
1163,201901,40,171.60000000000002,EUR
1164,201609,7,28.0,ITA
1165,201910,6,24.0,SVK
1166,201504,1,4.0,VAT
1167,201803,1,4.0,SAU
1168,201610,1,4.0,AFR
1169,201810,2,8.0,FIN
1170,201805,4,16.0,AGO
1171,201807,8,32.0,BLR
1172,201901,9,36.0,MLT
1173,201606,15,60.0,PRT
1174,201712,1,4.0,ARG
1175,201807,19,76.0,JPN
1176,201509,1,4.0,JOR
1177,202001,1,4.0,VAT
1178,201912,2,8.0,CHL
1179,202002,3,12.0,TUR
1180,202005,5,20.0,ARG
1181,202007,23,94.4,HUN
1182,201608,6,24.0,FIN
1183,201707,14,56.0,ITA
1184,201701,32,130.0,FRA
1185,201612,1,5.2,BFA
1186,201804,40,170.20000000000002,EUR
1187,201804,34,142.60000000000002,UKR
1188,201712,60,240.0,HUN
1189,201605,90,375.5999999999999,EUR
1190,201610,2,8.0,SYR
1191,201705,4,18.4,DNK
1192,201505,124,499.4,DEU
1193,201803,3,12.0,PAN
1194,201504,2,8.0,BGR
1195,201504,1,4.0,TCD
1196,201701,15,60.0,WST
1197,201603,4,16.0,AUS
1198,201804,29,116.0,FRA
1199,201509,40,172.8,RUS
1200,201708,1,4.0,ARM
1201,201612,8,32.0,FRA
1202,201504,3,12.0,AFR
1203,201708,7,28.0,FRA
1204,201707,6,24.0,MAR
1205,201710,2,8.0,AUT
1206,201702,4,16.0,CHN
1207,201602,2,9.199999809265137,AFR
1208,201810,3,12.0,EST
1209,201812,1,4.0,MEX
1210,201907,18,84.0,CHN
1211,201507,3,12.0,ARG
1212,201703,2,8.0,CHN
1213,202010,7,28.0,CZE
1214,201903,4,22.0,ESP
1215,201510,2,10.4,SYR
1216,201907,3,12.0,GRC
1217,202003,2,9.2,IRL
1218,201702,1,4.0,NGA
1219,201701,6,24.0,PAK
1220,201907,4,16.0,CHE
1221,201508,1,4.0,IND
1222,201904,3,12.0,EST
1223,201606,1,7.0,LBY
1224,201811,1,4.0,YEM
1225,201906,1,4.0,IDN
1226,202004,13,56.2,EUR
1227,202005,10,40.0,HUN
1228,202006,2,8.0,IRL
1229,201908,129,536.4,POL
1230,202009,13,59.0,CZE
1231,202008,2,8.0,BRA
1232,201703,14,56.0,WST
1233,201702,90,384.29999999999995,USA
1234,201612,34,155.20000000000002,CZE
1235,201801,64,267.79999999999995,EUR
1236,201803,3,12.0,MLT
1237,201803,2,9.2,SYR
1238,201802,3,15.600000000000001,EGY
1239,201710,50,202.2,EUR
1240,201511,27,124.80000000000003,EGY
1241,201508,92,397.9999999999999,USA
1242,201506,68,275.4,DEU
1243,201509,77,309.2,EUR
1244,201504,44,176.0,CZE
1245,201604,18,72.0,GBR
1246,201508,3,12.0,ISR
1247,201707,4,17.0,CAN
1248,201508,8,32.0,AUT
1249,201612,1,4.0,CYP
1250,201509,7,28.0,GRC
1251,201709,3,13.2,MEX
1252,201703,3,12.0,AUS
1253,201505,2,8.0,FIN
1254,201505,11,44.0,EST
1255,201810,1,4.0,MKD
1256,201805,1,4.0,MKD
1257,201702,1,4.0,ECU
1258,201903,71,304.40000000000003,USA
1259,201903,6,27.0,UKR
1260,201607,18,74.0,EST
1261,201607,8,34.4,CZE
1262,201905,6,25.2,KOR
1263,201812,2,8.0,VAT
1264,201812,1,4.0,MAR
1265,201704,3,12.0,FIN
1266,201808,4,20.8,EGY
1267,201604,1,4.0,ESP
1268,201709,1,4.0,SRB
1269,202010,58,245.10000000000002,POL
1270,202012,2,8.0,ARG
1271,201602,1,4.0,BOL
1272,201504,2,8.0,COG
1273,201705,5,20.0,UGA
1274,201911,3,12.0,BRA
1275,202002,11,48.8,BLR
1276,201908,3,12.0,MLT
1277,202005,20,83.6,EUR
1278,202004,2,8.0,SVK
1279,202007,1,4.0,EGY
1280,201702,82,334.0,EUR
1281,201608,51,217.0,RUS
1282,201608,9,36.0,SVK
1283,201707,144,585.0,GBR
1284,201711,15,60.0,SWE
1285,201805,1,7.0,PRT
1286,201709,10,40.0,BGR
1287,201612,18,79.2,LTU
1288,201712,23,100.4,DEU
1289,201510,29,124.40000000000002,FRA
1290,201803,3,12.0,CHN
1291,201706,4,16.0,ESP
1292,201603,7,29.2,ITA
1293,201902,166,680.1999999999999,POL
1294,201605,16,66.4,CAN
1295,201512,4,16.0,BRB
1296,201609,1,7.0,FIN
1297,201711,3,12.0,BLR
1298,201509,9,38.400000000000006,ITA
1299,201803,2,8.0,PAK
1300,201502,1,4.0,IRN
1301,201505,5,20.0,SWE
1302,201709,2,8.0,BRA
1303,201903,89,376.5,POL
1304,201607,74,310.0,GBR
1305,201812,13,52.0,NGA
1306,201812,16,66.0,SVK
1307,201512,2,8.0,AUT
1308,201806,1,4.0,ARG
1309,201707,2,8.0,NGA
1310,201610,7,28.0,AZE
1311,201703,2,8.0,SYR
1312,201911,599,2599.2999999999997,
1313,202001,759,3160.1,
1314,201807,4,16.0,AFR
1315,201807,3,12.0,ZAF
1316,201605,12,48.0,BLR
1317,201611,5,22.5,KWT
1318,201906,10,40.0,CHN
1319,201901,8,34.4,CHN
1320,201508,1,4.0,LBY
1321,201706,2,8.0,MUS
1322,201604,2,8.0,ZAF
1323,201811,4,16.0,SEN
1324,201909,2,8.0,AGO
1325,202002,5,20.0,ESP
1326,201507,1,4.0,AUS
1327,201806,11,44.0,BLR
1328,202012,1,4.0,AFR
1329,201904,1,4.0,NGA
1330,201704,2,8.0,PER
1331,202005,4,16.0,VEN
1332,202008,1,4.0,ISR
1333,202009,5,22.0,LVA
1334,201511,133,554.8,POL
1335,201803,8,32.0,PRT
1336,201706,82,336.40000000000003,EUR
1337,201606,1581,6562.300000000003,
1338,201612,3,14.399999999999999,MEX
1339,201712,23,93.2,JPN
1340,201708,2,8.0,IDN
1341,201501,5,20.0,USA
1342,201801,10,42.400000000000006,CZE
1343,201503,29,130.40000000000003,GRC
1344,201502,3,12.0,EST
1345,201602,124,519.8,GBR
1346,201712,1,4.0,ECU
1347,201801,3,12.0,NLD
1348,201803,1,4.0,SRB
1349,201505,21,90.80000000000001,LTU
1350,201509,12,61.2,BGR
1351,201710,11,47.4,BEL
1352,201612,5,20.0,CUB
1353,201804,1,4.0,MEX
1354,201811,132,554.4,POL
1355,201603,1,4.0,ESP
1356,201505,2,8.0,ISL
1357,201909,9,36.0,IRL
1358,201903,1,4.0,PER
1359,201903,85,346.0,RUS
1360,201610,2,8.0,DMA
1361,201809,27,108.0,LTU
1362,201606,95,383.6,GBR
1363,201506,3,12.0,VAT
1364,201908,75,304.8,RUS
1365,201811,2,8.0,IRN
1366,201908,2,8.0,MEX
1367,202011,347,1471.6,
1368,201807,1,4.5,ARM
1369,202011,165,764.0,HUN
1370,201706,1,4.0,TUR
1371,201806,4,16.0,ITA
1372,201809,5,20.0,BRA
1373,201807,2,8.0,COL
1374,201910,3,12.0,CAN
1375,201911,2,10.4,COL
1376,201901,2,14.0,BGD
1377,201808,4,16.0,KAZ
1378,202004,1,5.2,TWN
1379,201711,1,4.0,THA
1380,202004,12,51.599999999999994,ITA
1381,201907,27,112.8,RUS
1382,202009,3,12.0,BGR
1383,201508,784,3338.5999999999963,
1384,201706,10,40.0,GRC
1385,201504,3,12.0,NOR
1386,201512,15,62.400000000000006,AFR
1387,201602,4,16.0,BGD
1388,201703,2,10.4,CHE
1389,201807,6,24.0,EGY
1390,201810,50,212.4,DEU
1391,201602,7,28.0,EST
1392,201602,1,4.0,CUB
1393,201701,4,16.0,LUX
1394,201903,16,64.0,ISR
1395,201810,2,8.0,TUR
1396,201812,24,102.2,RUS
1397,201806,30,121.2,SVK
1398,201607,4,16.0,AZE
1399,201909,7,29.2,BEL
1400,201906,31,124.0,BEL
1401,201504,2,8.0,ZAF
1402,201903,1,4.0,PSE
1403,202002,3,12.0,NOR
1404,201604,1,4.0,PAN
1405,201911,5,20.0,LVA
1406,201908,1,4.0,MDV
1407,201909,8,34.4,CHN
1408,201910,2,8.0,BRA
1409,201811,1,4.5,VNM
1410,201809,1,4.0,SEN
1411,201806,5,20.0,BRA
1412,201905,3,12.0,EGY
1413,201902,2,8.0,PAK
1414,201802,2,8.0,SEN
1415,201901,2,8.0,TCD
1416,202006,2,8.0,EST
1417,202008,11,54.80000000000001,LBN
1418,202008,1,4.0,IRL
1419,201511,67,277.59999999999997,USA
1420,201701,933,4000.399999999999,
1421,201702,23,96.2,RUS
1422,201608,7,28.0,CHE
1423,201805,24,96.0,DEU
1424,201709,6,24.0,ARM
1425,201801,10,40.0,LTU
1426,201612,5,22.4,SYR
1427,201706,1,4.0,VAT
1428,201712,6,24.0,PRK
1429,201803,23,94.4,MKD
1430,201509,5,20.0,AUS
1431,201504,6,24.0,HUN
1432,201505,35,153.0,RUS
1433,201605,5,20.0,IDN
1434,201506,31,127.0,CHN
1435,201503,10,40.0,LVA
1436,201609,66,266.0,HUN
1437,201902,234,966.9999999999999,ISR
1438,201812,96,431.70000000000005,POL
1439,201510,3,12.0,PER
1440,201804,6,24.0,CUB
1441,201704,11,44.0,EGY
1442,201607,5,20.0,IRQ
1443,201810,1,5.2,SYR
1444,201808,37,152.8,UKR
1445,202012,5,23.5,FRA
1446,202012,7,28.0,LTU
1447,201805,2,8.0,CHL
1448,201806,6,28.0,FIN
1449,201909,1,4.0,CAN
1450,201902,13,61.599999999999994,QAT
1451,201901,1,4.0,PSE
1452,201911,23,97.4,EUR
1453,201608,3,15.600000000000001,EST
1454,201809,4,16.0,LVA
1455,202003,2,8.0,ESP
1456,201910,59,237.5,GBR
1457,201907,3,12.0,CHL
1458,201712,1,7.0,MLT
1459,201809,1,4.0,KGZ
1460,201701,3,12.0,BGR
1461,201601,1,4.0,MNG
1462,201906,1,4.0,BRA
1463,201911,1,4.0,CAN
1464,201808,1,4.0,ARG
1465,201802,2,8.0,HRV
1466,201909,7,28.0,MKD
1467,202004,1,4.0,VNM
1468,202005,58,244.60000000000002,POL
1469,202007,2,8.0,SLV
1470,202006,3,12.0,TJK
1471,201703,33,133.2,BEL
1472,201711,44,184.4,GBR
1473,201706,2,8.0,LUX
1474,201706,39,156.0,WST
1475,201801,1,4.0,PRK
1476,201506,66,272.4,GRC
1477,201711,47,188.0,FRA
1478,201710,160,660.0,POL
1479,201610,9,40.8,BGR
1480,201508,11,44.0,LVA
1481,201701,4,16.0,JPN
1482,201506,2,8.0,ISL
1483,201602,6,24.0,LVA
1484,201609,79,328.6,RUS
1485,201904,15,78.0,GRC
1486,201902,56,229.0,HUN
1487,201707,13,60.4,EGY
1488,201909,9,36.0,AUS
1489,201905,14,56.0,CZE
1490,201502,1,4.0,ESP
1491,201508,1,4.0,PSE
1492,201806,129,541.8000000000001,POL
1493,201606,21,84.0,ITA
1494,201710,3,12.0,VAT
1495,201601,1,4.0,CMR
1496,201604,2,8.0,COG
1497,201712,3,12.0,CUB
1498,201807,4,20.8,NOR
1499,201911,36,151.2,DEU
1500,201611,1,4.0,MEX
1501,202002,9,45.5,GBR
1502,201603,1,4.0,ISL
1503,202001,4,16.0,IDN
1504,201511,1,4.0,FIN
1505,201507,3,12.0,MEX
1506,201604,2,9.2,LUX
1507,201905,4,16.0,THA
1508,202001,4,17.2,NOR
1509,201709,4,16.0,TUR
1510,201803,1,4.0,VNM
1511,202001,2,8.0,SVK
1512,202007,42,177.0,POL
1513,202006,3,12.0,CAN
1514,201702,76,341.6,UKR
1515,201706,3,14.4,CHE
1516,201709,6,25.0,PRK
1517,201612,971,4127.2,
1518,201712,33,132.0,CZE
1519,201602,40,167.19999961853026,MKD
1520,201708,61,245.2,RUS
1521,201703,6,24.0,MLT
1522,201804,2,8.0,NOR
1523,201704,4,16.0,PAN
1524,201509,12,48.0,LUX
1525,201601,17,77.6,SVK
1526,201707,3,13.2,IRL
1527,201710,3,12.0,SOM
1528,201902,5,22.4,FIN
1529,201812,92,404.0,USA
1530,201510,7,28.0,MEX
1531,201510,4,16.0,PRK
1532,201811,8,32.0,CHN
1533,201805,26,104.0,IRN
1534,201711,4,20.8,AZE
1535,201607,2,8.0,CHL
1536,201602,4,16.0,HND
1537,201912,30,121.2,ESP
1538,201603,4,17.2,JPN
1539,201612,2,9.2,AUS
1540,201603,2,8.0,IRL
1541,201508,2,8.0,VEN
1542,201612,1,5.2,AFG
1543,201507,2,8.0,BLR
1544,202003,15,60.0,DEU
1545,201707,5,20.0,PRK
1546,201710,2,10.4,KOR
1547,201512,1,5.2,HRV
1548,201706,1,5.2,NLD
1549,201903,8,32.0,BGR
1550,201606,2,8.0,FIN
1551,201711,3,12.0,IRN
1552,202005,7,29.2,BLR
1553,202006,4,18.0,BGR
1554,202006,1,5.2,GHA
1555,201703,80,332.0,USA
1556,201805,968,4097.2,
1557,201706,2,8.0,BRA
1558,201709,1,4.0,JOR
1559,201702,6,24.0,BGR
1560,201708,7,28.0,BGR
1561,201703,19,76.0,BGR
1562,201506,85,348.99999999999994,USA
1563,201605,142,597.3,POL
1564,201801,4,20.8,CHN
1565,201601,6,24.0,FRA
1566,201503,34,144.4,DEU
1567,201611,1,4.0,PAK
1568,201909,2,8.0,SOM
1569,201909,99,407.4,UKR
1570,201504,1,4.0,EGY
1571,201812,3,12.0,NMR
1572,201512,2,11.0,COL
1573,201805,3,12.0,THA
1574,201507,3,13.5,ALB
1575,201806,3,12.0,MEX
1576,201901,7,28.0,VEN
1577,201608,3,12.0,CAN
1578,201607,17,68.0,SVK
1579,201712,6,24.0,GRC
1580,201807,18,79.2,FRA
1581,201906,34,138.4,HUN
1582,201810,1,4.0,TWN
1583,201903,1,4.5,AFR
1584,202010,3,17.4,DNK
1585,201608,1,4.0,ARG
1586,201912,12,48.0,WST
1587,201912,10,47.2,ITA
1588,201901,16,64.0,IRL
1589,201810,3,12.0,TUN
1590,201706,9,36.0,PRT
1591,201811,1,5.2,ARM
1592,201602,1,4.0,PSE
1593,201901,1,4.0,EGY
1594,201903,2,8.0,FIN
1595,202003,9,39.0,CHN
1596,201808,3,12.0,ESP
1597,201606,1,5.2,NPL
1598,201910,9,46.800000000000004,AFR
1599,201806,3,12.0,THA
1600,202009,3,12.0,ESP
1601,201712,4,16.0,KAZ
1602,201802,18,72.0,LBN
1603,202006,20,82.4,RUS
1604,202007,4,16.0,BEL
1605,202006,11,44.0,GRC
1606,202009,1,4.0,GRC
1607,201706,16,66.4,BEL
1608,201610,1023,4401.7,
1609,201712,5,24.8,BRA
1610,201507,887,3770.599999999995,
1611,201708,3,18.0,CZE
1612,201803,11,46.4,ESP
1613,201711,4,20.8,HND
1614,201504,4,16.0,VNM
1615,201705,3,15.600000000000001,NZL
1616,201506,6,25.2,NOR
1617,201712,9,36.0,IRL
1618,201801,1,4.0,MDV
1619,201508,8,32.0,NLD
1620,201504,89,365.59999999999997,USA
1621,201604,12,50.4,BLR
1622,201602,7,28.0,SYR
1623,201603,1,4.0,DNK
1624,201708,4,16.0,AFR
1625,201608,3,12.5,LBN
1626,201706,2,10.4,SGP
1627,201503,4,16.0,ETH
1628,201709,5,20.0,LVA
1629,201812,24,98.4,BEL
1630,201508,10,44.8,LTU
1631,201612,1,5.2,AUT
1632,201705,8,32.0,IDN
1633,201507,3,12.0,THA
1634,201712,1,4.0,COL
1635,201709,2,8.0,MYS
1636,201611,3,12.0,DNK
1637,201711,2,8.0,EST
1638,202005,1,4.0,NMR
1639,202001,70,281.2,ISR
1640,201511,6,24.0,MKD
1641,201909,109,445.59999999999997,RUS
1642,201504,1,4.0,CAF
1643,201504,2,8.0,ISR
1644,201708,5,22.4,AUT
1645,201807,5,22.4,SWE
1646,201907,1,4.0,MCO
1647,202004,4,16.0,TUR
1648,201712,1,4.0,PAN
1649,201602,2,8.0,MLT
1650,201807,1,4.0,UZB
1651,201808,1,4.0,PAN
1652,202006,209,875.0,USA
1653,202005,5,26.0,WST
1654,202006,5,20.0,ITA
1655,202009,5,20.0,TUR
1656,202009,1,4.0,AUS
1657,201611,33,135.60000000000002,UKR
1658,201703,4,16.0,MMR
1659,201608,4,16.0,GRC
1660,201704,39,158.4,UKR
1661,201802,15,60.0,PAN
1662,201710,31,141.4,RUS
1663,201704,2,8.0,ARM
1664,201701,45,192.79999999999998,RUS
1665,201507,7,28.0,GBR
1666,201604,45,180.0,BGR
1667,201505,2,8.0,MEX
1668,201609,1,5.2,CYP
1669,201507,3,12.0,NZL
1670,201603,3,13.2,CAN
1671,201705,5,20.0,AUS
1672,201909,5,20.0,JOR
1673,201812,2,8.0,BRA
1674,201808,10,40.0,IRL
1675,201704,3,15.0,CAN
1676,201912,49,196.0,DEU
1677,201606,12,48.0,NLD
1678,201606,9,36.0,ISR
1679,201806,2,9.2,JOR
1680,202012,4,16.0,BLR
1681,201806,8,32.0,WST
1682,201811,12,62.2,ISR
1683,201807,3,12.0,BRA
1684,202010,63,256.5,USA
1685,201902,5,20.0,ITA
1686,201603,1,4.0,IRQ
1687,201907,4,16.0,ISR
1688,201901,1,4.0,IDN
1689,201911,21,88.80000000000001,LTU
1690,202001,1,4.0,AUT
1691,201810,6,24.0,PRT
1692,201901,3,12.0,LVA
1693,201912,4,16.0,MEX
1694,201504,1,4.0,DOM
1695,201812,3,12.0,ESP
1696,201602,2,8.0,PER
1697,201807,2,8.0,DZA
1698,201812,2,8.0,PAN
1699,201711,1,4.0,PER
1700,201707,1,4.0,ALB
1701,202006,1,4.0,ISL
1702,202008,22,88.0,AUT
1703,202008,115,512.1999999999998,BLR
1704,201704,212,872.5999999999999,POL
1705,201702,39,159.4,GBR
1706,201803,980,4186.599999999999,
1707,201801,169,710.7,POL
1708,201602,51,204.0,CZE
1709,201610,3,12.0,TWN
1710,201506,27,109.2,GBR
1711,201711,3,12.0,ESP
1712,201804,28,112.0,ISR
1713,201812,48,201.0,GBR
1714,201608,2,8.0,IND
1715,201803,8,50.0,ARM
1716,201607,305,1276.0000000000002,POL
1717,201511,5,20.0,LUX
1718,201812,16,64.0,AUT
1719,201512,2,8.0,MKD
1720,201508,2,8.0,BLR
1721,201806,2,8.0,CHN
1722,201703,2,8.0,TUR
1723,201912,2,10.4,AFR
1724,201607,1,4.0,SEN
1725,201802,5,20.0,TWN
1726,201708,4,19.6,ESP
1727,201808,2,10.0,DZA
1728,201801,1,4.0,CHL
1729,201809,13,52.0,GBR
1730,201905,63,253.0,ISR
1731,201907,4,16.0,GBR
1732,201501,1,4.0,UKR
1733,201606,2,8.0,SAU
1734,201601,1,4.0,IRQ
1735,201809,1,4.0,LUX
1736,201806,1,7.0,DZA
1737,201906,2,8.0,ALB
1738,201701,1,4.0,DZA
1739,202006,27,112.8,UKR
1740,202006,4,18.4,AUT
1741,202008,4,16.0,TUR
1742,201611,932,3985.199999999999,
1743,201610,9,43.2,AFG
1744,201801,6,24.0,IRN
1745,201802,6,24.0,MDA
1746,201704,9,36.0,BGD
1747,201601,60,240.0,HUN
1748,201508,7,28.0,IRL
1749,201509,19,80.8,IDN
1750,201602,1,4.0,SWE
1751,201510,29,126.80000000000003,HUN
1752,201511,9,36.0,AUS
1753,201501,1,4.0,DEU
1754,201609,1,5.2,NOR
1755,201601,5,20.0,ESP
1756,201709,9,36.5,FIN
1757,201701,2,8.0,BOL
1758,201903,42,174.0,GBR
1759,201905,708,2984.399999999999,
1760,201812,19,77.0,HUN
1761,201912,66,277.79999999999995,USA
1762,201606,3,12.0,MDV
1763,201606,7,28.0,NOR
1764,201606,2,10.4,AUT
1765,201606,230,966.5,CHN
1766,201506,2,8.0,IND
1767,201511,3,12.0,JPN
1768,201906,5,20.0,FRA
1769,202003,2,8.0,ALB
1770,202003,8,32.0,LTU
1771,201910,33,132.0,DEU
1772,202002,67,268.0,RUS
1773,202012,3,12.0,MDV
1774,201705,2,14.0,COL
1775,201809,8,32.0,EGY
1776,201903,7,28.0,BEL
1777,201910,3,12.0,TUR
1778,201901,7,28.0,PAN
1779,201710,1,4.0,ZAF
1780,202001,3,12.0,PRT
1781,201905,2,8.0,CAN
1782,202008,2,8.0,NPL
1783,202009,1,5.2,MAR
1784,201704,76,309.2,USA
1785,201703,1131,4835.199999999999,
1786,201608,29,119.6,GBR
1787,201803,3,12.0,JPN
1788,201805,74,328.6,EUR
1789,201803,46,191.0,FRA
1790,201801,53,214.39999999999998,HUN
1791,201712,1,4.0,IDN
1792,201701,3,13.2,BRA
1793,201805,26,105.0,GBR
1794,201511,4,16.0,MLT
1795,201710,22,88.0,AZE
1796,201710,7,28.0,SVK
1797,201602,2,8.0,NLD
1798,201902,49,200.8,LTU
1799,201812,116,485.5,FRA
1800,201603,6,24.0,BGR
1801,201508,6,24.0,ESP
1802,201810,2,8.0,NLD
1803,201707,28,114.4,UKR
1804,201709,5,20.0,MLT
1805,201701,8,32.0,NLD
1806,201610,1,4.0,EGY
1807,201610,11,51.2,ISR
1808,201607,88,372.4,RUS
1809,201606,11,45.0,SVK
1810,201512,4,16.0,DOM
1811,201703,3,12.0,ZMB
1812,201602,2,8.0,IND
1813,201711,3,12.0,CHN
1814,201609,4,16.0,BEL
1815,201707,3,15.600000000000001,AZE
1816,201901,2,8.0,CHE
1817,201911,72,298.79999999999995,POL
1818,201810,2,8.0,JOR
1819,201608,3,12.0,WSM
1820,202001,56,240.2,UKR
1821,201904,44,186.2,RUS
1822,201911,1,4.0,LIE
1823,201912,1,4.0,IRN
1824,201607,20,83.6,FRA
1825,201607,2,8.0,GEO
1826,201910,5,20.0,AUT
1827,201606,8,32.0,BRA
1828,201901,2,8.0,CUB
1829,201902,6,25.2,AUT
1830,201903,1,4.0,ARM
1831,201910,6,24.0,SWE
1832,201901,3,12.0,LBN
1833,201901,4,16.0,CAN
1834,202010,2,8.0,BEL
1835,201807,4,16.0,LUX
1836,201607,2,8.0,LBY
1837,201906,1,4.0,VAT
1838,202011,2,8.0,TJK
1839,202003,14,62.0,EUR
1840,201611,2,8.0,ALB
1841,201702,3,14.399999999999999,AFG
1842,201608,35,147.4,EUR
1843,201701,12,59.0,KAZ
1844,201704,16,65.0,WST
1845,201801,965,4161.5,
1846,201711,13,52.0,CZE
1847,201507,33,132.0,LTU
1848,201503,58,247.99999999999994,USA
1849,201502,138,673.2000000000003,UKR
1850,201511,45,183.6,CHN
1851,201602,3,12.0,ARM
1852,201504,40,160.0,EST
1853,201601,6,24.0,ISR
1854,201603,11,44.0,FRA
1855,201904,55,236.10000000000002,EUR
1856,201506,8,32.0,ISR
1857,201510,3,12.0,PRT
1858,201511,4,16.0,AUT
1859,201707,2,8.0,GUY
1860,201603,5,20.0,ARM
1861,201604,6,24.0,MKD
1862,201903,11,44.0,FRA
1863,201604,3,15.0,ARE
1864,201812,4,16.0,ARG
1865,201907,9,40.2,BEL
1866,201601,3,13.2,ITA
1867,201606,124,504.4,DEU
1868,201710,7,28.0,FIN
1869,201610,2,8.0,SWE
1870,202012,95,405.6,DEU
1871,201612,13,52.0,HUN
1872,201712,1,5.2,CYP
1873,201805,1,4.0,VEN
1874,201811,2,8.0,JPN
1875,202011,11,44.0,LTU
1876,201508,1,4.0,HRV
1877,201910,5,20.0,BHR
1878,201604,1,4.0,CHE
1879,201907,2,10.4,SWE
1880,201907,2,8.0,WST
1881,201903,4,16.0,IRN
1882,201909,1,4.0,IND
1883,201902,1,4.0,JPN
1884,201510,1,4.0,NMR
1885,201809,18,72.0,CHN
1886,201709,4,20.8,TTO
1887,201811,1,4.0,AGO
1888,201906,1,5.2,CAN
1889,201905,1,4.0,JPN
1890,201812,5,20.0,KWT
1891,202005,11,44.5,CAN
1892,202007,1,4.0,HRV
1893,202009,147,632.4000000000001,BLR
1894,202009,6,24.0,WST
1895,201511,2,14.0,NOR
1896,201707,279,1136.2,USA
1897,201704,5,20.0,CHL
1898,201612,8,32.0,CAN
1899,201608,17,71.6,KAZ
1900,201709,3,12.0,AUS
1901,201509,10,40.0,AUT
1902,201603,35,142.4,HUN
1903,201708,11,44.0,HUN
1904,201504,150,623.0,POL
1905,201610,1,5.2,DZA
1906,201503,118,536.7999999999998,UKR
1907,201804,1,5.2,HRV
1908,201701,13,52.0,PSE
1909,201701,6,29.4,CHN
1910,201504,17,68.0,FRA
1911,201602,9,36.5,ITA
1912,201801,4,18.4,KOR
1913,201603,6,24.0,ARG
1914,201505,4,17.0,ARE
1915,201604,3,12.0,ARG
1916,201508,3,12.0,BRA
1917,201503,5,26.0,AZE
1918,201505,2,8.0,MNG
1919,201504,2,8.0,MDA
1920,201703,7,28.0,PRT
1921,201607,232,979.0,USA
1922,201607,6,24.0,GRC
1923,201905,9,36.0,CHN
1924,201808,651,2755.2999999999993,
1925,201703,2,8.0,NMR
1926,201510,2,8.0,SGP
1927,202012,314,1454.6,HUN
1928,202010,1,4.0,DZA
1929,201904,9,39.6,CZE
1930,201801,3,12.0,IRL
1931,201507,2,8.0,GUY
1932,201809,3,12.0,TUR
1933,202003,2,8.0,NLD
1934,202003,5,28.4,BLR
1935,201809,2,8.0,NOR
1936,201810,2,8.0,GRC
1937,201806,2,8.0,AFR
1938,201502,1,4.0,CUB
1939,201808,3,12.0,VAT
1940,201904,1,4.0,NOR
1941,201801,1,4.0,ESP
1942,201607,4,16.0,MCO
1943,201802,1,4.0,AZE
1944,201710,1,4.0,EGY
1945,202008,1,4.0,AFG
1946,202008,2,8.0,NOR
1947,201611,17,68.0,GRC
1948,201702,24,102.0,IRL
1949,201707,28,118.0,FRA
1950,201702,9,36.0,GRC
1951,201612,9,36.0,GRC
1952,201604,4,17.2,NLD
1953,201801,5,20.0,JOR
1954,201506,62,273.1999999999999,UKR
1955,201610,5,20.0,SAU
1956,201801,5,22.4,SVK
1957,201705,7,28.0,QAT
1958,201601,151,620.8000000000001,DEU
1959,201602,85,347.0,EUR
1960,201503,3,12.0,HUN
1961,201605,26,110.0,UKR
1962,201506,8,32.0,HUN
1963,201609,70,280.0,SVK
1964,201507,10,42.4,ARM
1965,201705,3,12.0,MDA
1966,201509,6,30.0,IRL
1967,201611,2,9.2,PER
1968,201903,44,209.0,HUN
1969,201504,2,8.0,BHR
1970,201812,3,12.0,CHE
1971,201805,2,8.0,MLT
1972,201912,4,16.0,AZE
1973,201605,3,14.399999999999999,SYR
1974,201808,8,39.2,NOR
1975,201609,8,32.0,LTU
1976,201901,63,259.1,USA
1977,201901,2,8.0,URY
1978,201503,5,20.0,VEN
1979,202010,6,24.0,LVA
1980,201810,1,4.0,MMR
1981,202012,1,4.0,EST
1982,201504,2,8.0,ISL
1983,201910,128,540.8,USA
1984,201811,4,28.0,AUS
1985,201904,1,4.0,AFR
1986,201503,1,5.2,VNM
1987,201904,3,12.0,SEA
1988,201711,1,4.0,ETH
1989,202003,2,8.0,MYS
1990,202006,9,36.0,WST
1991,201803,201,831.5,POL
1992,201612,103,414.4,UKR
1993,201608,1,5.2,EGY
1994,201711,2,8.0,TZA
1995,201703,5,20.0,IRL
1996,201801,5,23.6,WST
1997,201508,43,172.0,CZE
1998,201712,5,23.4,VNM
1999,201712,2,8.0,SWE
2000,201701,22,88.0,ISR
2001,201602,1,4.0,IRN
2002,201505,3,14.0,CYP
2003,201506,19,76.0,LVA
2004,201504,5,24.8,LUX
2005,201904,19,78.4,HUN
2006,201812,62,257.6,UKR
2007,201501,1,4.0,KEN
2008,201708,2,8.0,PRT
2009,201810,18,72.0,BEL
2010,201702,7,28.0,IRQ
2011,201702,2,8.0,TUR
2012,201710,6,24.0,NLD
2013,201505,13,52.0,BLR
2014,201909,3,12.0,NLD
2015,201809,27,122.9,DEU
2016,201705,2,8.0,ARG
2017,201801,3,12.0,TWN
2018,201808,19,78.2,EUR
2019,201912,2,8.0,CAN
2020,201603,6,25.2,AUT
2021,201609,1,4.0,CHE
2022,201608,4,16.0,VAT
2023,201712,2,8.0,ESP
2024,201908,12,54.0,BEL
2025,201904,4,16.0,AUS
2026,201906,8,36.8,WST
2027,201503,2,8.0,LUX
2028,201912,1,4.0,HRV
2029,201707,2,8.0,ARM
2030,201710,3,12.0,HRV
2031,201909,5,22.4,SWE
2032,201512,1,4.0,MEX
2033,201810,1,4.0,BGR
2034,201809,4,16.0,ESP
2035,201812,5,20.0,IRL
2036,201904,3,12.0,JPN
2037,202003,1,4.0,SAU
2038,201612,6,24.0,IRN
2039,201503,1,5.2,TKM
2040,202005,3,12.0,ISR
2041,202006,1,4.0,LVA
2042,202006,3,12.0,CHN
2043,201611,40,163.6,EUR
2044,201701,3,12.0,NZL
2045,201704,1,4.0,KOR
2046,201706,12,48.0,SVK
2047,201709,2,8.0,NLD
2048,201610,64,264.4,USA
2049,201802,292,1205.6000000000001,POL
2050,201708,9,38.4,ITA
2051,201803,2,8.0,TJK
2052,201603,25,102.4,MKD
2053,201705,20,80.0,CHN
2054,201506,5,20.0,AZE
2055,201604,41,173.60000000000002,DEU
2056,201604,62,255.79999999999998,USA
2057,201609,20,80.0,AUS
2058,201812,21,86.4,DEU
2059,201601,2,8.0,BGR
2060,201612,9,36.0,WST
2061,201702,1,4.0,NMR
2062,201804,4,16.0,MKD
2063,201811,143,631.3999999999999,USA
2064,201909,2,10.0,BGR
2065,201909,2,8.0,CHL
2066,201909,3,12.0,SGP
2067,201506,1,4.0,CHE
2068,201607,7,28.0,AUT
2069,201602,1,4.0,ZAF
2070,202012,47,193.3,USA
2071,201503,3,15.600000000000001,ARE
2072,201906,2,8.0,LVA
2073,201906,29,122.5,BLR
2074,201602,3,12.0,AZE
2075,201902,5,24.799999999999997,BGD
2076,201902,3,12.0,LUX
2077,201912,5,20.0,EST
2078,201505,1,5.2,PSE
2079,202005,3,12.0,BRA
2080,201807,2,10.4,NMR
2081,201607,1,4.0,AGO
2082,201607,11,44.0,PAN
2083,201904,3,12.0,ARG
2084,201907,5,20.0,BGR
2085,201504,1,5.2,IDN
2086,201507,4,16.0,COL
2087,201711,2,8.0,AUS
2088,201711,7,28.0,GRC
2089,202004,3,12.0,EST
2090,201509,1,4.0,PRT
2091,202006,19,80.80000000000001,LTU
2092,202008,37,153.6,EUR
2093,202009,41,169.0,LTU
2094,201704,4,17.2,MAR
2095,201805,7,28.0,NOR
2096,201706,39,175.2,RUS
2097,201706,41,168.8,UKR
2098,201706,3,12.0,IRN
2099,201802,4,16.0,CAN
2100,201802,6,24.0,ITA
2101,201803,3,12.0,CZE
2102,201804,24,96.0,ESP
2103,201608,3,12.0,CUB
2104,201604,37,159.79999999999998,CZE
2105,201605,6,25.2,SAU
2106,201508,9,36.0,GRC
2107,201805,8,33.0,BEL
2108,201601,5,20.0,HRV
2109,201603,40,165.8,BLR
2110,201707,2,8.0,IRN
2111,201807,1,5.2,AZE
2112,201709,4,16.0,AUT
2113,201609,1,4.0,DNK
2114,201707,2,8.0,SWE
2115,201802,1,4.0,SWE
2116,201606,20,81.5,CZE
2117,201808,7,34.0,SVK
2118,201704,6,24.0,KAZ
2119,201601,1,4.0,GRC
2120,201506,1,7.0,BGD
2121,202005,2,8.0,ESP
2122,201605,1,7.0,MAR
2123,201908,3,12.0,GRC
2124,201507,2,8.0,BOL
2125,201609,7,28.0,EST
2126,201911,1,4.0,ZAF
2127,201607,5,20.0,AUS
2128,201911,36,150.0,RUS
2129,201606,94,376.0,UZB
2130,201706,2,8.0,SYR
2131,201807,2,8.0,MLT
2132,201903,11,44.0,SVK
2133,202002,2,8.0,VNM
2134,201812,2,8.0,AFR
2135,201710,3,12.0,PER
2136,201902,2,8.0,CAN
2137,201902,2,10.4,GRC
2138,201801,2,8.0,BOL
2139,201904,3,12.0,MDA
2140,201605,1,4.0,JOR
2141,202004,13,52.0,CZE
2142,202006,3,15.0,TUR
2143,201611,83,342.8,DEU
2144,201704,2,8.0,IRL
2145,201703,25,100.5,SVK
2146,201612,107,441.8,USA
2147,201805,19,86.8,RUS
2148,201803,24,99.0,BEL
2149,201802,1001,4221.6,
2150,201712,2,10.4,BGD
2151,201712,9,40.2,FRA
2152,201602,8,33.2,MEX
2153,201705,3,12.0,JOR
2154,201504,97,420.79999999999995,RUS
2155,201604,2,8.0,KOR
2156,201510,41,184.40000000000003,UKR
2157,201709,1,4.0,AZE
2158,201511,7,34.0,SWE
2159,201804,7,28.0,PER
2160,201509,85,342.4,SVK
2161,201510,11,62.0,BLR
2162,201503,9,36.0,TUN
2163,201807,18,81.0,LTU
2164,201502,5,20.0,HUN
2165,201810,6,27.599999999999998,DNK
2166,201710,25,110.8,LTU
2167,201502,3,12.0,PAK
2168,201711,2,8.0,KOR
2169,201711,1,4.0,AGO
2170,201512,10,40.0,ITA
2171,201503,8,32.0,NLD
2172,201607,86,345.2,ITA
2173,201511,3,12.0,IDN
2174,201609,3,12.0,KEN
2175,202012,8,32.0,ISR
2176,201703,4,18.4,PAK
2177,201612,1,4.0,NLD
2178,202001,1,4.0,AUS
2179,201709,2,8.0,ECU
2180,201509,3,12.0,KWT
2181,202012,4,16.0,WST
2182,201912,7,28.0,LUX
2183,202011,6,24.0,CZE
2184,201503,1,5.2,IRL
2185,201710,1,4.0,ISL
2186,201811,4,16.0,KEN
2187,201907,1,4.0,ITA
2188,202004,2,8.0,LUX
2189,201810,1,4.0,COL
2190,201907,1,4.0,PAN
2191,201807,4,16.0,LVA
2192,201807,2,8.0,SRB
2193,201806,4,16.0,LUX
2194,201901,2,8.0,ESP
2195,201909,1,4.0,MYS
2196,201903,2,8.0,CAN
2197,202007,21,87.2,LTU
2198,201702,20,92.0,NLD
2199,201702,9,36.0,MDA
2200,201702,26,113.6,WST
2201,201611,3,12.0,ARG
2202,201705,47,197.0,DEU
2203,201706,31,126.4,GBR
2204,201802,10,40.0,BEL
2205,201802,8,32.0,LUX
2206,201510,4,16.0,NZL
2207,201708,66,273.6,USA
2208,201708,12,48.0,DNK
2209,201511,20,80.0,LTU
2210,201509,109,443.19999999999993,UKR
2211,201503,86,361.2999999999999,POL
2212,201701,3,12.0,AUS
2213,201804,9,37.2,DNK
2214,201503,4,19.6,SVK
2215,201511,6,26.4,BLR
2216,201609,56,229.4,DEU
2217,201807,680,2924.7999999999993,
2218,201601,6,24.0,ARG
2219,201810,41,176.0,RUS
2220,201902,1,4.0,MCO
2221,201512,37,149.2,BGR
2222,201601,1,4.0,SRB
2223,201603,5,20.0,HRV
2224,201608,4,16.0,ESP
2225,201503,10,40.0,BLR
2226,201804,2,8.0,ZMB
2227,201503,2,10.4,JPN
2228,201707,30,120.0,JPN
2229,201712,10,41.0,ISR
2230,201809,4,16.0,WST
2231,201607,2,8.0,CIV
2232,201506,3,12.0,LUX
2233,201604,2,10.4,VEN
2234,201912,67,299.2,POL
2235,201606,58,232.0,UKR
2236,201605,7,28.0,VAT
2237,201606,15,60.0,TUR
2238,201512,5,20.0,SYR
2239,201506,9,36.0,LTU
2240,201911,4,16.0,MMR
2241,202001,43,178.0,USA
2242,201803,1,4.0,IDN
2243,202005,1,4.0,BGR
2244,201902,14,56.0,PSE
2245,201504,1,5.2,KAZ
2246,201911,4,18.4,SWE
2247,201903,14,68.0,WST
2248,202003,5,20.0,CZE
2249,201909,1,4.0,SYR
2250,201701,3,12.0,AUT
2251,201506,1,5.2,JOR
2252,201808,3,14.399999999999999,ITA
2253,201705,4,16.0,PAK
2254,201910,2,8.0,BOL
2255,201812,1,4.0,FJI
2256,202001,3,12.0,GRC
2257,201811,1,5.2,PSE
2258,202003,1,4.0,JOR
2259,201711,2,8.0,CYP
2260,201904,3,21.0,PRT
2261,201612,1,5.2,IDN
2262,201808,5,20.0,BGR
2263,202002,1,4.0,IRQ
2264,201907,2,8.0,ZWE
2265,202003,1,4.0,ARG
2266,202008,4,16.0,GRC
2267,201704,14,56.0,MDA
2268,201611,22,88.0,EST
2269,201611,26,110.0,FRA
2270,201805,8,34.0,EST
2271,201802,19,78.4,FRA
2272,201802,3,12.0,KOR
2273,201512,178,745.6000000000001,UKR
2274,201708,18,82.79999999999998,SWE
2275,201708,52,212.8,UKR
2276,201705,33,132.0,LTU
2277,201508,33,134.4,EUR
2278,201705,4,16.0,GRC
2279,201509,39,173.0,LTU
2280,201709,3,12.0,MKD
2281,201709,4,16.0,EST
2282,201505,2,8.0,JAM
2283,201706,4,16.0,MEX
2284,201609,2,9.2,SYR
2285,201805,16,64.0,CZE
2286,201810,134,550.4000000000001,POL
2287,201609,2,8.0,NGA
2288,201601,1,4.0,CHE
2289,201805,1,4.0,FJI
2290,201909,2,8.0,MDA
2291,201909,42,175.0,DEU
2292,201909,5,20.0,WST
2293,201809,246,1051.9999999999998,USA
2294,201808,87,362.90000000000003,POL
2295,201807,3,12.0,TUR
2296,201610,2,8.0,TZA
2297,201904,14,58.4,CHN
2298,201912,1,4.0,GIN
2299,201607,8,32.0,CHE
2300,201605,2,9.2,AFR
2301,202001,4,17.2,AFR
2302,201708,5,20.0,ISR
2303,201608,4,20.8,LVA
2304,201611,1,4.0,MDA
2305,201806,1,4.0,IRL
2306,201905,3,15.0,PHL
2307,201701,1,4.0,GHA
2308,201910,19,76.0,FRA
2309,201901,2,8.0,IRQ
2310,201603,1,5.2,COG
2311,201904,13,52.0,SVK
2312,201912,1,4.0,PRK
2313,201809,1,4.0,AFR
2314,202010,2,8.0,VEN
2315,201701,2,8.0,SYR
2316,201711,4,16.0,NLD
2317,201609,3,12.0,LVA
2318,202006,1,4.0,AZE
2319,202008,12,50.4,GBR
2320,201611,8,32.0,LUX
2321,201704,7,28.0,GRC
2322,201706,33,140.4,FRA
2323,201709,10,40.0,WST
2324,201802,64,271.59999999999997,USA
2325,201609,1001,4198.4,
2326,201504,760,3212.5999999999967,
2327,201603,59,236.0,GBR
2328,201802,2,8.0,BRA
2329,201804,747,3213.3999999999987,
2330,201803,3,12.0,GRC
2331,201705,6,26.4,IRL
2332,201801,15,60.0,SRB
2333,201702,7,28.0,AUT
2334,201702,4,18.4,KGZ
2335,201706,3,12.0,IDN
2336,201609,7,32.8,AUT
2337,201805,4,16.0,SDN
2338,201602,8,37.4,NOR
2339,201810,758,3220.2999999999993,
2340,201902,6,24.0,EGY
2341,201902,62,278.3,UKR
2342,201506,4,17.2,IDN
2343,201605,1,4.0,PHL
2344,201510,5,20.0,ISR
2345,201601,8,32.0,LUX
2346,201711,5,20.0,ARG
2347,201511,3,12.0,DZA
2348,201909,11,44.0,BLR
2349,201704,26,104.0,MKD
2350,201607,3,12.0,GMB
2351,201510,1,4.0,CHE
2352,201508,1,4.0,URY
2353,201603,4,16.0,AZE
2354,201711,2,8.0,DZA
2355,201506,2,8.0,DOM
2356,201711,3,12.0,KAZ
2357,201711,6,24.0,CAN
2358,201901,38,167.2,UKR
2359,201905,7,28.0,SVK
2360,201809,6,24.0,PHL
2361,201702,9,46.800000000000004,AFR
2362,201812,6,24.0,JPN
2363,201910,9,36.0,ITA
2364,201710,4,16.0,NOR
2365,201910,5,20.0,GRC
2366,201809,7,28.0,IRN
2367,201610,1,4.0,VAT
2368,202002,5,21.2,CHN
2369,201904,2,8.0,AUT
2370,201902,9,36.0,TUR
2371,201605,5,20.0,FIN
2372,201910,5,20.0,JPN
2373,201809,1,4.0,ARM
2374,202009,6,25.0,ITA
2375,201704,937,3982.9,
2376,201611,26,108.80000000000001,HUN
2377,201608,13,52.0,BLR
2378,201711,186,783.4000000000001,POL
2379,201612,38,154.39999999999998,DEU
2380,201706,1,4.0,KAZ
2381,201610,21,84.0,LTU
2382,201610,1,4.0,ZAF
2383,201507,10,40.0,WST
2384,201512,73,299.2,EUR
2385,201711,6,24.0,MEX
2386,201804,1,4.0,ARG
2387,201510,17,69.2,SVK
2388,201604,4,16.0,AFG
2389,201601,6,24.0,PHL
2390,201811,19,88.0,CZE
2391,201711,7,28.0,ISR
2392,201909,3,12.0,NOR
2393,201607,56,229.39999999999998,ESP
2394,201605,8,32.0,ESP
2395,201912,2,8.0,LTU
2396,201808,11,44.0,GBR
2397,201807,23,102.10000000000001,GRC
2398,201512,3,12.0,CHN
2399,201612,7,28.0,BGR
2400,201603,1,4.0,LBN
2401,201811,3,12.0,MKD
2402,202003,5,20.0,LVA
2403,201901,3,16.0,LUX
2404,201506,1,4.0,AUT
2405,201503,1,4.0,IRN
2406,201701,1,4.0,VAT
2407,201606,2,8.0,NZL
2408,201909,1,4.0,LUX
2409,201907,2,8.5,COL
2410,201908,3,12.0,FIN
2411,201911,2,8.0,IRL
2412,201606,5,24.8,DZA
2413,201804,2,8.0,GRC
2414,201901,1,5.2,TUR
2415,201707,2,8.0,VEN
2416,201903,7,28.0,EST
2417,201902,3,12.0,BRA
2418,201909,77,312.2,EUR
2419,201709,55,220.0,GBR
2420,201709,6,25.2,IRL
2421,201610,4,16.0,PER
2422,201802,300,1230.4,ISR
2423,201712,80,336.70000000000005,USA
2424,201804,23,107.0,BEL
2425,201507,5,20.0,JPN
2426,201804,10,40.0,CHN
2427,201508,20,81.2,TUR
2428,201805,13,54.0,GRC
2429,201805,3,12.0,ITA
2430,201511,19,78.4,AFR
2431,201601,68,291.79999999999995,RUS
2432,201507,14,56.0,BEL
2433,201609,24,96.0,ESP
2434,201707,10,40.0,ISR
2435,201505,24,96.0,NLD
2436,201904,11,44.0,ISR
2437,201710,4,16.0,GRC
2438,201605,2,8.0,NLD
2439,201510,15,61.0,BEL
2440,201811,65,262.4,UKR
2441,201508,5,20.0,CHN
2442,201909,1,4.0,SAU
2443,201909,6,25.2,ISR
2444,201502,3,12.0,NOR
2445,201806,55,221.2,HUN
2446,201602,3,12.0,VEN
2447,201710,5,23.6,IDN
2448,201901,13,52.0,HUN
2449,202001,106,439.5,POL
2450,201709,3,12.0,CHE
2451,201509,3,12.0,FIN
2452,201909,11,51.199999999999996,AZE
2453,201506,2,8.0,MKD
2454,201811,1,4.0,TZA
2455,201607,3,12.0,AFR
2456,201910,15,78.0,IRL
2457,201706,7,28.0,AUT
2458,201806,3,12.0,MAC
2459,201907,1,4.0,MEX
2460,201911,1,4.0,KAZ
2461,201806,3,12.0,CMR
2462,201707,2,8.0,LVA
2463,201705,2,8.0,CHE
2464,202002,1,5.2,JPN
2465,201907,29,119.6,EUR
2466,202008,2,8.0,EST
2467,201909,908,3834.3999999999987,
2468,201608,3,12.0,MDA
2469,201805,166,676.8,POL
2470,201612,2,8.0,MMR
2471,201803,2,8.0,CYP
2472,201504,39,166.8,EUR
2473,201701,15,60.0,LVA
2474,201701,5,20.0,DNK
2475,201804,7,28.0,SWE
2476,201603,42,176.39999999999998,RUS
2477,201502,4,16.0,FRA
2478,201609,17,72.1,WST
2479,201807,82,350.8,USA
2480,201508,7,28.0,CHE
2481,201709,16,64.0,KAZ
2482,201511,19,76.0,CZE
2483,201608,1,5.2,AUT
2484,201510,3,12.0,FIN
2485,201510,2,8.0,CAN
2486,201710,2,8.0,CRI
2487,201509,15,60.0,LVA
2488,201605,3,12.0,MKD
2489,201605,10,50.0,BEL
2490,201811,4,16.0,CAN
2491,201507,6,24.0,AZE
2492,201509,2,8.0,TJK
2493,201602,2,8.0,TUN
2494,201907,11,48.2,HUN
2495,201503,1,4.0,CHN
2496,202012,66,304.8,EUR
2497,201506,1,4.0,CHL
2498,202010,2,8.0,AUS
2499,201906,23,92.0,SVK
2500,202012,7,38.2,BEL
2501,201809,34,136.0,FRA
2502,201808,2,8.0,LTU
2503,201905,1,4.0,TWN
2504,201806,1,4.0,IND
2505,202003,9,46.800000000000004,ARM
2506,201811,2,8.0,AFG
2507,201807,1,4.0,BOL
2508,201811,11,44.0,NGA
2509,201904,2,8.0,BGR
2510,201903,1,4.0,SYR
2511,201911,1,4.0,BHS
2512,202004,1,4.0,GRC
2513,202006,3,12.0,JPN
2514,202007,3,12.0,JPN
2515,202002,1,5.2,AFG
2516,201707,35,142.4,SVK
2517,201612,177,735.9,POL
2518,201709,12,48.0,COL
2519,201801,4,16.0,BRA
2520,201604,8,32.0,SVK
2521,201512,3,12.0,DNK
2522,201512,24,99.2,DEU
2523,201605,77,322.4,RUS
2524,201511,43,180.39999999999998,FRA
2525,201502,2,10.4,MAR
2526,201706,2,8.0,FJI
2527,201807,10,40.0,AUT
2528,201708,11,51.199999999999996,CAN
2529,201710,1,4.0,KNA
2530,201912,23,99.19999999999999,RUS
2531,201606,18,73.2,ESP
2532,201609,2,14.0,SAU
2533,201901,4,16.0,MEX
2534,201806,9,36.0,MKD
2535,201602,1,4.0,IRL
2536,201908,42,171.60000000000002,GBR
2537,202010,18,75.6,HUN
2538,201906,3,12.0,TWN
2539,201904,27,108.0,DEU
2540,201911,3,12.0,LKA
2541,201903,6,28.799999999999997,SWE
2542,202003,1,4.0,NMR
2543,202002,13,52.0,ISR
2544,201911,2,8.0,LUX
2545,201606,3,12.0,GRC
2546,201606,5,23.599999999999998,ZAF
2547,201504,4,16.0,SRB
2548,201905,4,16.0,TUR
2549,202002,4,17.2,MEX
2550,202012,2,8.0,COL
2551,201809,6,27.599999999999998,CZE
2552,201811,2,8.0,KOR
2553,201905,1,5.2,ZAF
2554,201507,1,4.0,NOR
2555,202011,1,4.0,CHN
2556,201509,1,4.0,COL
2557,201704,1,4.0,CUB
2558,201608,2,8.0,HRV
2559,201608,25,100.0,ITA
2560,201711,87,368.40000000000003,USA
2561,201612,6,24.0,ITA
2562,201504,9,38.4,ITA
2563,201610,10,49.0,JPN
2564,201604,40,162.39999999999998,EUR
2565,201512,88,371.59999999999997,POL
2566,201711,8,32.0,DNK
2567,201507,8,32.0,BGR
2568,201510,5,22.4,AUT
2569,201804,10,40.0,IRN
2570,201603,42,175.2,WST
2571,201804,1,4.0,VEN
2572,201603,99,398.4,USA
2573,201508,2,14.0,NOR
2574,201706,3,12.0,LTU
2575,201607,2154,8886.200000000003,
2576,201608,11,44.0,ISR
2577,201609,4,16.0,EGY
2578,201908,1,4.0,ALB
2579,201505,2,8.0,AZE
2580,201711,25,100.0,VNM
2581,201909,9,46.8,KEN
2582,201607,7,28.0,BRA
2583,201604,2,8.0,AGO
2584,201502,2,8.0,MEX
2585,201509,3,12.0,AFG
2586,201805,2,8.5,NMR
2587,202001,6,24.0,SWE
2588,201908,6,24.0,QAT
2589,201906,35,140.0,CZE
2590,201506,1,4.0,NMR
2591,201805,2,8.0,UZB
2592,201805,1,4.0,MCO
2593,201903,13,58.0,SAU
2594,201912,3,12.0,CHE
2595,201710,3,12.0,MEX
2596,201502,1,4.0,AZE
2597,201909,3,12.0,QAT
2598,202012,9,36.0,IRQ
2599,201809,3,12.0,ISR
2600,201805,3,12.0,IND
2601,201905,5,20.0,AUS
2602,201802,3,12.0,CHE
2603,201605,1,4.0,EGY
2604,202004,2,8.0,BLR
2605,201903,1,4.0,CHN
2606,202004,5,20.0,DEU
2607,201907,791,3375.4999999999995,
2608,201704,3,15.0,CZE
2609,201511,1026,4364.199999999993,
2610,201702,3,15.600000000000001,SYR
2611,201707,370,1546.2,POL
2612,201706,66,265.0,HUN
2613,201612,53,222.79999999999998,EUR
2614,201603,163,685.6,POL
2615,201508,23,94.4,GBR
2616,201506,62,248.0,EST
2617,201503,29,117.2,FRA
2618,201602,19,80.8,BGR
2619,201511,2,8.0,AZE
2620,201607,105,423.6,DEU
2621,201510,7,28.0,IRL
2622,201702,9,36.0,CHE
2623,201712,6,24.0,CHE
2624,201909,5,26.0,SVK
2625,201909,2,8.0,CRI
2626,201809,801,3446.300000000001,
2627,201909,1,4.0,MEX
2628,201705,1,4.0,YEM
2629,201905,10,44.8,FRA
2630,201505,3,12.0,GRC
2631,201808,2,8.0,PRK
2632,201902,3,14.4,AZE
2633,201806,50,203.60000000000002,DEU
2634,201703,1,4.0,AFR
2635,201503,6,24.0,AUS
2636,201901,3,12.0,SVK
2637,201805,2,8.0,MDA
2638,202001,20,80.0,LTU
2639,201908,44,182.0,DEU
2640,201906,3,12.0,AGO
2641,201506,4,16.0,COL
2642,201807,1,4.0,IDN
2643,202012,2,8.0,IRL
2644,201902,3,12.0,IRL
2645,201903,2,8.0,LUX
2646,201605,1,4.0,MEX
2647,201910,10,43.0,FIN
2648,201810,1,4.0,PSE
2649,201706,2,8.0,ECU
2650,201911,8,32.0,BLR
2651,201911,3,14.4,NOR
2652,201907,1,5.2,NGA
2653,202002,7,28.0,SVK
2654,202001,1,4.0,ESP
2655,202001,1,4.0,IRQ
2656,201912,1,4.0,VCT
2657,201906,772,3259.0999999999995,
2658,202005,11,44.0,DEU
2659,202004,1,4.0,CAN
2660,202007,37,164.8,EUR
2661,202007,5,20.0,ESP
2662,202006,3,12.0,ESP
2663,202008,4,16.0,SVK
2664,202009,3,12.0,KOR
2665,201708,652,2782.7,
2666,201701,80,322.2,GBR
2667,201704,3,12.0,QAT
2668,201612,1,4.0,MDA
2669,201709,30,120.0,CZE
2670,201604,9,36.0,GRC
2671,201704,4,16.0,ISR
2672,201510,116,508.7999999999999,POL
2673,201512,49,198.39999999999998,HUN
2674,201604,2,8.0,QAT
2675,201511,14,56.0,ESP
2676,201810,52,209.2,EUR
2677,201609,33,140.0,ISR
2678,201609,3,12.0,TUR
2679,201512,3,15.600000000000001,ARM
2680,201507,3,12.0,LVA
2681,201602,7,30.4,HRV
2682,201903,52,215.0,EUR
2683,201510,1,5.2,JAM
2684,201506,6,24.0,HRV
2685,201905,15,69.0,BEL
2686,201506,4,16.0,IRQ
2687,201505,4,18.4,CAN
2688,201609,6,26.0,SRB
2689,201901,46,204.39999999999998,RUS
2690,201701,13,53.2,CZE
2691,201903,2,8.0,COL
2692,201912,2,8.0,BLR
2693,202012,3,12.0,SYR
2694,201809,1,4.0,ARG
2695,201911,7,28.0,EST
2696,201509,2,10.4,ARM
2697,202002,13,52.0,CZE
2698,201909,6,24.0,ALB
2699,201810,6,24.0,LVA
2700,201606,5,20.0,BLR
2701,201905,2,8.0,NLD
2702,201606,4,16.0,LUX
2703,201806,2,8.0,MAR
2704,201806,3,12.0,IRQ
2705,201911,3,12.0,ARM
2706,201901,1,4.0,TUN
2707,201511,2,8.0,KOR
2708,202003,2,8.0,PAK
2709,202005,7,33.4,DNK
2710,202007,523,2255.7999999999997,
2711,202008,636,2769.5,
2712,202009,5,20.0,ISR
2713,201704,21,84.0,HUN
2714,201709,63,255.60000000000002,UKR
2715,201610,15,60.0,IDN
2716,201803,112,462.2,DEU
2717,201612,4,16.0,CHE
2718,201604,48,204.3,UKR
2719,201803,13,58.6,BLR
2720,201508,15,60.0,RUS
2721,201610,16,64.0,CAN
2722,201506,26,105.0,FRA
2723,201508,18,75.6,BGR
2724,201704,2,8.0,ESP
2725,201510,15,62.400000000000006,HRV
2726,201507,8,32.0,ECU
2727,201807,27,109.2,WST
2728,201504,2,8.0,LIE
2729,201902,72,294.0,EUR
2730,201902,21,88.80000000000001,FRA
2731,201609,3,12.0,ECU
2732,201502,1,4.0,CAN
2733,201502,5,20.0,LTU
2734,201607,197,807.0,WST
2735,201507,8,39.2,IRN
2736,201504,5,20.0,SVK
2737,201808,11,44.0,CZE
2738,201703,1,4.0,ISL
2739,201805,3,15.0,FIN
2740,201607,6,25.2,IRL
2741,201807,2,8.0,THA
2742,201810,2,8.0,SVK
2743,201609,8,32.0,MDA
2744,201911,1,4.0,TUR
2745,201808,1,4.0,AFR
2746,201707,2,8.0,COL
2747,201807,3,13.2,IRL
2748,202001,1,4.0,VEN
2749,201604,2,8.0,PER
2750,201705,1,4.0,CYP
2751,201809,2,8.0,RWA
2752,201902,2,8.0,HRV
2753,201507,1,4.0,JOR
2754,201603,1,4.0,CHL
2755,201907,5,20.0,HRV
2756,201606,2,8.0,MEX
2757,201607,2,8.0,URY
2758,201507,1,4.0,AFG
2759,201903,1,5.2,TZA
2760,201802,1,4.0,PSE
2761,201710,3,12.0,CZE
2762,202006,2,10.4,SWE
2763,202007,2,10.4,AUT
2764,201703,184,776.0999999999999,EUR
2765,201706,4,16.0,IRL
2766,201803,50,203.6,LTU
2767,201803,7,28.0,HND
2768,201712,12,48.0,WST
2769,201603,19,76.0,DEU
2770,201705,2,8.0,JPN
2771,201708,11,47.0,BEL
2772,201804,11,44.0,NLD
2773,201503,3,12.0,IDN
2774,201707,3,12.0,AUS
2775,201801,1,4.0,EST
2776,201608,13,53.7,BGR
2777,201703,5,20.0,QAT
2778,201605,11,44.0,CZE
2779,201604,3,12.0,PRT
2780,201811,9,36.0,ITA
2781,201601,7,28.0,AUS
2782,201603,2,8.0,PHL
2783,201601,5,20.0,LVA
2784,201802,16,66.4,TUR
2785,201909,223,921.7,USA
2786,201508,8,32.0,FRA
2787,201607,4,18.4,CHN
2788,201905,34,139.6,DEU
2789,201812,3,12.0,MDA
2790,201901,1,4.0,MDV
2791,201612,1,4.0,BRA
2792,201508,2,8.0,PAK
2793,201908,1,4.0,SRB
2794,201809,30,132.5,RUS
2795,202003,2,8.0,PSE
2796,202002,26,122.0,DEU
2797,201904,9,36.0,EGY
2798,201906,4,16.0,LUX
2799,201607,1,4.0,JOR
2800,201606,2,8.0,CAS
2801,201505,2,9.2,CHN
2802,202003,2,9.2,FRA
2803,202004,5,20.0,ESP
2804,202005,33,134.4,USA
2805,202005,2,8.0,AUT
2806,202008,3,12.0,LVA
2807,202009,3,12.0,FIN
2808,201704,10,44.8,FRA
2809,201704,3,14.4,AFR
2810,201705,155,636.2,POL
2811,201706,1,4.0,PAK
2812,201709,5,22.0,KOR
2813,201610,58,235.6,RUS
2814,201801,6,27.0,BLR
2815,201712,128,518.8,GBR
2816,201505,7,28.0,BEL
2817,201710,14,57.2,BLR
2818,201802,4,16.0,IRL
2819,201601,9,45.0,AFR
2820,201510,2,10.4,IRQ
2821,201507,22,91.6,FRA
2822,201511,11,44.0,NLD
2823,201502,15,66.0,RUS
2824,201510,6,26.4,ESP
2825,201505,3,12.0,MDA
2826,201810,104,454.4,USA
2827,201708,2,10.4,EST
2828,201510,4,16.0,QAT
2829,201506,2,8.0,SAU
2830,201607,20,80.0,LTU
2831,201905,3,12.0,DNK
2832,201801,1,4.0,ZAF
2833,201806,51,209.89999999999998,EUR
2834,201603,3,12.0,CHN
2835,201609,8,32.0,NLD
2836,201502,2,8.0,BEL
2837,201505,3,12.0,ITA
2838,201608,1,4.0,IRL
2839,201811,23,93.0,GBR
2840,201803,10,41.0,AUT
2841,201906,4,16.0,EST
2842,201605,5,20.0,BRB
2843,202011,1,4.0,WST
2844,201605,8,32.0,AFG
2845,201604,3,13.2,DNK
2846,201503,1,4.0,UZB
2847,201606,8,32.0,AFG
2848,201705,3,12.0,CHL
2849,201901,2,8.0,YEM
2850,202001,12,50.400000000000006,CHN
2851,201608,1,4.0,PER
2852,201606,12,48.0,LTU
2853,201507,1,4.0,AUT
2854,201912,2,8.0,KOR
2855,202004,1,4.0,ISR
2856,201604,3,14.399999999999999,ECU
2857,202007,1,4.0,IND
2858,202009,44,190.4,USA
2859,201702,3,12.0,ESP
2860,201702,2,8.0,SEN
2861,201803,46,184.0,GBR
2862,201711,976,4233.299999999999,
2863,201711,9,37.2,ITA
2864,201706,23,94.4,DNK
2865,201612,1,4.0,AFR
2866,201801,6,24.0,IND
2867,201603,21,92.4,IRN
2868,201803,2,8.0,FIN
2869,201802,4,16.0,AFR
2870,201802,8,32.0,ESP
2871,201710,2,10.4,IRN
2872,201602,7,28.0,CAN
2873,201507,12,48.0,ESP
2874,201507,26,106.9,RUS
2875,201604,2,8.0,VAT
2876,201805,7,28.5,COL
2877,201708,4,16.0,TUR
2878,201803,3,12.0,WST
2879,201810,8,32.0,ISR
2880,201812,8,32.0,BGR
2881,201506,7,30.4,ESP
2882,201902,23,95.6,NOR
2883,201509,3,12.0,KGZ
2884,201509,6,24.0,ERI
2885,201808,2,8.0,DNK
2886,201608,3,12.0,COL
2887,202001,13,56.800000000000004,JPN
2888,201508,1,4.0,NZL
2889,201612,1,4.0,MUS
2890,201912,15,60.0,HUN
2891,201906,2,8.0,ARG
2892,201604,2,8.0,PAK
2893,201907,3,12.0,PAK
2894,201812,12,48.0,PRT
2895,201812,1,4.0,YEM
2896,202011,1,4.0,BGD
2897,201710,2,8.0,MNG
2898,201811,2,8.0,PHL
2899,201906,1,4.0,LBN
2900,201905,1,4.0,MDA
2901,201911,1,4.0,AUS
2902,201907,3,12.0,ALB
2903,202003,13,55.599999999999994,ITA
2904,202008,58,265.0,DEU
2905,202008,4,16.0,CAS
2906,202009,2,8.0,DZA
2907,201704,2,8.0,SGP
2908,201611,12,49.2,WST
2909,201703,84,343.2,DEU
2910,201703,3,12.0,MDA
2911,201602,56,243.09999961853026,USA
2912,201704,1,4.0,MNG
2913,201704,3,12.0,ITA
2914,201803,108,443.99999999999994,USA
2915,201709,2,8.0,EGY
2916,201612,7,34.0,ESP
2917,201610,15,64.8,WST
2918,201712,159,658.2,POL
2919,201505,127,566.9,UKR
2920,201505,166,674.8,POL
2921,201704,2,8.0,CYP
2922,201512,11,44.0,BEL
2923,201705,72,296.4,USA
2924,201708,5,21.2,IRL
2925,201601,15,61.2,NOR
2926,201504,11,46.400000000000006,CHN
2927,201507,15,60.0,IRL
2928,201602,12,48.0,ESP
2929,201702,4,20.8,LVA
2930,201510,29,123.2,CHN
2931,201609,1,4.0,COL
2932,201605,38,159.2,DEU
2933,201710,7,28.0,CAN
2934,201607,1,4.0,MUS
2935,201607,7,28.0,PRT
2936,201810,5,20.0,LBN
2937,201705,4,16.0,BLR
2938,201812,2,8.0,NOR
2939,201505,2,9.0,LUX
2940,201606,17,68.0,BGR
2941,201606,13,52.0,DNK
2942,201606,8,34.4,IRQ
2943,201808,2,8.0,GRC
2944,202010,4,16.0,TCD
2945,201906,7,29.2,FIN
2946,201608,3,12.0,VNM
2947,201805,2,10.4,AFR
2948,201708,8,35.599999999999994,EGY
2949,201910,3,12.0,ISR
2950,201910,3,12.0,KEN
2951,201807,2,8.0,TWN
2952,201612,4,16.0,COG
2953,201606,4,16.0,COD
2954,201905,3,12.0,BLR
2955,201906,5,20.0,ESP
2956,201607,4,16.0,NZL
2957,201905,1,4.0,TJK
2958,201908,3,12.0,PAK
2959,201707,1,4.0,LKA
2960,201712,2,8.0,TWN
2961,201907,2,8.0,MKD
2962,201906,285,1201.8,USA
2963,202008,21,94.0,LTU
2964,202006,2,8.0,EGY
2965,202009,5,20.0,ARG
2966,202009,3,12.0,AFR
2967,201611,4,16.0,BEL
2968,201803,103,441.2,EUR
2969,201709,23,92.0,FRA
2970,201803,6,26.4,AFR
2971,201504,207,945.5000000000001,UKR
2972,201802,13,52.0,NLD
2973,201801,2,8.0,LBY
2974,201504,114,467.99999999999994,DEU
2975,201603,17,78.8,EGY
2976,201507,84,345.99999999999994,UKR
2977,201602,115,472.0,RUS
2978,201705,96,385.2,EUR
2979,201604,72,301.79999999999995,RUS
2980,201604,11,45.0,CHN
2981,201603,14,57.2,EST
2982,201511,21,86.2,RUS
2983,201503,1,4.0,PAK
2984,201503,2,8.0,BEL
2985,201702,2,8.0,MKD
2986,201704,2,8.0,SRB
2987,201610,8,32.0,NOR
2988,201607,2,8.0,SAU
2989,201607,6,24.0,FIN
2990,201801,3,15.2,ARM
2991,201604,9,36.0,ITA
2992,201602,2,8.0,LUX
2993,201603,2,8.0,PER
2994,201607,11,51.2,EGY
2995,201908,16,66.4,CZE
2996,201807,19,78.4,DNK
2997,201603,1,4.0,KAZ
2998,201912,1,4.0,MNG
2999,201912,1,4.0,KAZ
3000,201812,8,34.0,FIN
3001,201712,3,12.0,EST
3002,201607,15,60.0,COL
3003,201904,2,8.0,HRV
3004,201906,1,4.0,MLT
3005,201510,2,8.0,KAZ
3006,202002,2,8.0,WST
3007,202011,2,8.0,BGR
3008,202011,1,4.0,NLD
3009,202004,2,10.4,CHL
3010,202007,3,12.0,DNK
3011,201611,8,32.0,ITA
3012,201702,20,80.0,BEL
3013,201702,82,330.4,DEU
3014,201608,26,110.0,LTU
3015,201704,13,61.6,NLD
3016,201706,2,10.4,ISL
3017,201709,3,12.0,CAN
3018,201506,91,387.3999999999999,POL
3019,201608,1,7.0,IRQ
3020,201509,90,364.79999999999995,HUN
3021,201505,7,29.2,ARM
3022,201511,6,24.0,WST
3023,201503,1,4.0,SWE
3024,201610,5,24.8,GRC
3025,201509,6,24.0,MKD
3026,201709,2,8.0,BLR
3027,201804,4,24.4,SGP
3028,201701,11,44.0,LTU
3029,201709,4,16.0,ISL
3030,201512,22,88.0,EST
3031,201507,7,28.0,HUN
3032,201603,3,12.0,VEN
3033,201505,8,32.0,CZE
3034,201508,2,8.0,BOL
3035,201505,15,62.4,IRN
3036,201702,5,20.0,ARE
3037,201908,28,113.2,EUR
3038,201707,5,22.4,BLR
3039,201711,5,21.2,AFR
3040,201501,2,8.0,LTU
3041,201607,10,46.0,HUN
3042,201506,2,8.0,AUS
3043,201901,15,60.5,CZE
3044,202012,477,2076.7,
3045,201901,17,68.0,WST
3046,201612,3,12.0,VAT
3047,201803,5,20.0,HRV
3048,201811,13,63.39999999999999,KAZ
3049,202010,2,8.0,BRA
3050,201609,2,8.0,THA
3051,201708,2,8.0,COL
3052,201804,1,4.0,AFR
3053,201903,4,20.8,ARE
3054,202012,1,5.2,MCO
3055,201809,2,10.2,TWN
3056,201707,1,4.0,MYS
3057,201603,1,4.0,PRT
3058,201901,6,24.0,EST
3059,201812,1,4.0,KOR
3060,201907,15,65.4,FRA
3061,201809,6,24.0,BEL
3062,201504,1,4.0,COL
3063,202001,10,40.0,BEL
3064,202001,4,16.0,CHL
3065,201606,3,12.0,PAK
3066,201606,3,12.0,KOR
3067,201904,6,24.0,MKD
3068,202009,2,8.0,LKA
3069,201701,5,20.0,MEX
3070,202007,9,37.2,ITA
3071,202008,1,4.0,TUN
3072,201611,2,8.0,PRT
3073,201803,18,75.0,HUN
3074,201506,26,110.0,RUS
3075,201708,25,106.0,BLR
3076,201802,35,141.2,LTU
3077,201703,6,24.0,LTU
3078,201610,11,44.0,EST
3079,201705,12,50.400000000000006,ITA
3080,201601,54,234.39999999999998,USA
3081,201705,4,16.0,FIN
3082,201510,16,68.60000000000001,WST
3083,201703,12,48.0,HRV
3084,201502,6,24.0,DEU
3085,201512,40,160.0,SVK
3086,201510,57,248.79999999999995,LTU
3087,201609,5,20.0,CHN
3088,201706,4,18.4,EST
3089,201807,53,214.4,EUR
3090,201904,97,412.0,USA
3091,201508,9,42.0,ITA
3092,201510,1,4.0,SRB
3093,201512,13,73.0,CZE
3094,201609,2,8.0,KOR
3095,201804,6,24.0,SVK
3096,201509,9,36.0,CHN
3097,201709,1,4.0,JPN
3098,201607,4,16.0,NOR
3099,201607,25,100.0,TUR
3100,201806,31,136.0,ISR
3101,201912,37,168.4,EUR
3102,201504,4,16.0,CAN
3103,201811,25,112.0,HUN
3104,202010,14,74.0,DEU
3105,201906,63,254.39999999999998,EUR
3106,201810,1,4.0,DOM
3107,201902,1,4.0,LVA
3108,201912,3,12.0,PRT
3109,201503,3,12.0,AFR
3110,201505,2,8.0,BGR
3111,201511,1,4.0,SEA
3112,201603,1,4.0,MDV
3113,201812,2,8.0,LVA
3114,201904,2,8.0,ARM
3115,201912,1,4.0,NPL
3116,201704,4,16.0,IND
3117,201704,3,12.0,DNK
3118,201907,2,9.0,SGP
3119,202003,2,8.0,MEX
3120,202005,10,40.0,SVK
3121,202005,13,52.0,CZE
3122,201905,23,93.2,ITA
3123,202007,9,36.0,SVK
3124,202004,2,8.0,DNK
3125,202009,596,2561.7999999999993,
3126,201611,21,104.4,BLR
3127,201702,6,24.0,ITA
3128,201610,16,68.8,ITA
3129,201502,256,1102.5999996185308,
3130,201512,91,369.79999999999995,USA
3131,201702,8,33.2,NOR
3132,201608,2,8.0,JPN
3133,201511,22,92.8,GBR
3134,201601,96,428.4,GBR
3135,201506,37,148.0,CZE
3136,201510,15,60.0,CZE
3137,201804,33,141.0,DEU
3138,201602,31,124.0,DNK
3139,201602,118,480.3999999999999,HUN
3140,201801,1,4.0,CHE
3141,201602,6,24.0,AUT
3142,201509,15,61.2,ESP
3143,201608,2,8.0,PSE
3144,201605,5,20.0,LTU
3145,201810,40,160.0,FRA
3146,201810,2,9.2,SAU
3147,201909,17,77.60000000000001,FRA
3148,201611,2,8.0,IRQ
3149,201903,12,48.0,LBN
3150,201504,1,5.2,BFA
3151,201503,2,8.0,MEX
3152,201907,39,158.4,UKR
3153,201602,12,48.0,GRC
3154,201510,1,4.0,AFR
3155,201603,1,4.0,ARE
3156,201804,2,8.0,CAN
3157,201912,26,113.0,FRA
3158,201906,4,16.0,PER
3159,201607,2,8.0,SRB
3160,201507,5,20.0,NLD
3161,201807,1,7.0,DMA
3162,201905,4,18.4,WST
3163,201806,5,23.599999999999998,SRB
3164,201608,1,4.0,VEN
3165,201510,1,4.0,TCD
3166,202002,3,12.0,DNK
3167,201701,2,8.0,IRN
3168,202012,8,34.4,GRC
3169,201906,1,4.0,CHE
3170,201902,1,4.0,MEA
3171,202007,54,217.2,UKR
3172,202007,2,8.0,IRL
3173,201908,5,21.2,WST
3174,202008,4,16.0,CYP
3175,202008,5,20.0,FIN
3176,201611,185,806.4000000000001,POL
3177,201611,1,4.0,SEA
3178,201706,67,272.79999999999995,USA
3179,201709,6,24.0,PAN
3180,201801,4,16.0,ARG
3181,201705,1,4.0,MAR
3182,201602,40,162.89999999999998,FRA
3183,201605,8,38.0,TUR
3184,201807,2,10.4,IRN
3185,201507,17,68.0,SVK
3186,201509,4,16.0,PAK
3187,201504,9,36.0,SEN
3188,201612,7,28.0,ISR
3189,201505,7,28.0,DOM
3190,201601,2,8.0,VNM
3191,201603,3,12.0,NPL
3192,201704,9,36.0,TUR
3193,201502,1,4.0,SEN
3194,201703,1,4.0,NGA
3195,201606,69,277.2,RUS
3196,201606,13,52.0,ARG
3197,202012,2,8.0,FIN
3198,201811,8,32.0,BEL
3199,201909,4,17.2,ESP
3200,201810,2,8.0,MEX
3201,201707,3,12.0,EST
3202,201603,2,8.0,BGD
3203,201909,3,12.0,MCO
3204,201711,2,8.0,CHE
3205,201711,2,8.0,JPN
3206,202002,1,4.0,QAT
3207,201807,2,8.0,TTO
3208,201908,1,4.0,IRN
3209,201812,1,4.0,HRV
3210,201701,2,8.0,DMA
3211,202004,3,12.0,LVA
3212,202007,2,8.0,BLR
3213,202007,17,96.0,TUR
3214,202008,2,8.0,TWN
3215,201701,13,54.0,BLR
3216,201702,8,38.0,ISR
3217,201709,27,114.0,RUS
3218,201603,1127,4748.199999809257,
3219,201802,6,24.0,SVK
3220,201710,24,97.0,HUN
3221,201802,3,12.0,FIN
3222,201509,18,72.0,BEL
3223,201603,45,183.4,UKR
3224,201605,15,60.0,ISR
3225,201805,2,8.0,CPV
3226,201503,26,107.6,GBR
3227,201604,2,8.0,BHR
3228,201609,2,8.0,MKD
3229,201807,79,334.6,POL
3230,201505,8,32.0,SVK
3231,201511,7,34.0,SYR
3232,201710,4,16.0,PAN
3233,201602,4,16.0,NZL
3234,201609,4,16.0,MEX
3235,201803,1,4.0,PGS
3236,201804,2,8.0,EST
3237,201511,2,8.0,THA
3238,201603,6,36.0,NOR
3239,201710,10,42.4,ITA
3240,201609,2,8.0,LAO
3241,201806,33,132.0,GBR
3242,201508,1,4.0,NMR
3243,201912,2,8.0,BRB
3244,201811,4,16.0,ESP
3245,201809,7,28.0,PRT
3246,202011,9,36.0,UKR
3247,201911,14,56.0,HUN
3248,202011,6,24.0,RUS
3249,201602,1,4.0,VAT
3250,201512,1,5.2,IRL
3251,201508,2,8.0,BEL
3252,201507,1,4.0,FIN
3253,201910,1,5.2,TWN
3254,201806,2,8.0,KOR
3255,201812,4,16.0,LUX
3256,201607,11,44.0,BEL
3257,201711,5,26.0,KEN
3258,201509,1,4.0,SAU
3259,201507,2,8.0,NGA
3260,201607,4,16.0,SYR
3261,202006,686,2955.0,
3262,202006,8,36.0,CZE
3263,202009,12,49.2,RUS
3264,201603,12,48.0,GRC
3265,201610,22,88.0,HUN
3266,201610,23,101.0,BEL
3267,201511,25,101.2,SVK
3268,201804,11,44.0,WST
3269,201509,19,76.0,SWE
3270,201506,26,107.0,CAN
3271,201508,13,52.0,SVK
3272,201504,2,8.0,LVA
3273,201509,12,48.0,BLR
3274,201710,61,244.0,TUR
3275,201902,48,205.20000000000002,RUS
3276,201506,10,40.0,BLR
3277,201510,5,20.0,IRN
3278,201605,1,4.0,MCO
3279,201804,4,22.4,DZA
3280,201812,10,40.0,CHL
3281,201907,1,4.0,THA
3282,201604,2,8.0,IRN
3283,201601,4,20.799999618530272,IRL
3284,202001,68,282.2,RUS
3285,202012,10,40.0,BGR
3286,201903,5,26.0,PRT
3287,202003,2,8.0,SVK
3288,201807,6,24.0,FIN
3289,201802,3,12.0,BHS
3290,201911,2,8.0,SVK
3291,202002,1,4.0,RWA
3292,201811,2,8.0,UZB
3293,201609,5,20.0,JPN
3294,201905,2,10.4,MDG
3295,201504,2,8.0,MLT
3296,201902,1,4.0,AFR
3297,202006,6,24.0,ISR
3298,202007,1,4.0,AUS
3299,201908,852,3554.8,
3300,202006,3,12.0,BRA
3301,202009,12,52.6,DEU
3302,201608,7,28.0,SWE
3303,201608,24,97.0,HUN
3304,201701,151,636.7,POL
3305,201612,2,10.4,KGZ
3306,201512,829,3464.499999999997,
3307,201802,9,36.0,WST
3308,201803,22,88.0,BGR
3309,201803,2,8.0,EGY
3310,201504,14,56.0,BLR
3311,201705,21,84.0,LUX
3312,201705,49,196.0,WST
3313,201602,48,194.4,LTU
3314,201507,14,56.0,BRA
3315,201512,2,8.0,PSE
3316,201511,17,68.0,EST
3317,201603,2,8.0,BRA
3318,201810,2,9.2,JPN
3319,201604,5,21.0,MDA
3320,201811,3,12.0,IRL
3321,201810,3,12.0,ARM
3322,201812,1,5.2,AFG
3323,201606,9,42.0,VNM
3324,201808,1,4.0,IDN
3325,201602,1,4.0,KOR
3326,201609,5,20.0,IRL
3327,201901,124,522.8,POL
3328,202012,80,348.8,POL
3329,201608,2,8.0,BOL
3330,201910,63,255.4,EUR
3331,201607,2,8.0,BGR
3332,201906,8,35.0,GBR
3333,202011,1,4.0,NOR
3334,201503,3,12.0,ITA
3335,201910,1,4.0,EGY
3336,201604,2,8.0,VNM
3337,201805,1,4.0,EGY
3338,201807,4,16.0,HRV
3339,201606,7,28.0,AZE
3340,201902,2,8.0,ARM
3341,201907,2,8.0,TUR
3342,201606,1,4.0,HND
3343,201511,1,4.0,LCA
3344,201609,3,12.0,CUB
3345,201502,1,4.0,LVA
3346,202004,51,215.4,POL
3347,201704,8,36.8,LVA
3348,201611,11,44.0,ESP
3349,201702,132,554.4000000000001,POL
3350,201702,16,64.0,SVK
3351,201706,163,668.1999999999999,POL
3352,201707,52,212.79999999999998,CZE
3353,201706,2,14.0,PAN
3354,201802,76,313.6,DEU
3355,201803,8,32.0,EST
3356,201711,5,21.2,WST
3357,201711,2,8.0,FJI
3358,201511,33,132.0,DEU
3359,201503,15,61.2,WST
3360,201706,6,24.0,MNG
3361,201807,66,268.8,UKR
3362,201902,3,14.2,NLD
3363,201703,6,24.0,IRQ
3364,201711,7,28.0,SVK
3365,201610,1,4.0,SGP
3366,201508,3,15.0,HUN
3367,201804,5,20.0,EGY
3368,201811,49,196.0,DEU
3369,201507,10,49.599999999999994,ITA
3370,201602,20,81.0,TUR
3371,201511,4,16.0,FJI
3372,201903,3,12.0,AUT
3373,201607,6,24.0,THA
3374,201607,10,40.0,ARG
3375,201905,4,16.0,AUT
3376,201812,2,8.0,ALB
3377,201812,4,16.0,CYP
3378,201907,6,24.0,SVK
3379,201606,4,16.0,JOR
3380,201901,40,161.7,DEU
3381,201901,42,178.8,GBR
3382,201910,24,105.60000000000001,HUN
3383,201811,18,78.0,LTU
3384,202006,2,8.0,FIN
3385,201906,5,22.4,DNK
3386,201906,1,4.0,JPN
3387,201912,15,60.0,TUR
3388,201701,6,27.599999999999998,AFR
3389,201606,3,15.600000000000001,AFR
3390,201910,5,20.0,IDN
3391,202003,2,8.0,AUT
3392,201604,1,4.0,PRK
3393,202012,1,4.0,NLD
3394,202004,2,8.0,IRL
3395,201905,3,12.0,MEX
3396,201905,2,8.0,KAZ
3397,201705,2,8.0,NMR
3398,202004,3,15.600000000000001,NOR
3399,202005,426,1842.2999999999997,
3400,202006,2,8.0,SDN
3401,201611,5,32.0,IRN
3402,201703,39,156.5,ITA
3403,201709,957,3992.8999999999996,
3404,201805,135,561.4,USA
3405,201712,51,216.0,BEL
3406,201510,903,3820.6999999999953,
3407,201506,15,62.400000000000006,SVK
3408,201702,2,8.0,LUX
3409,201710,12,49.0,ESP
3410,201507,2,8.0,SYR
3411,201503,54,241.2,RUS
3412,201709,4,19.6,PRT
3413,201704,1,4.0,IRQ
3414,201503,7,28.0,ARM
3415,201502,25,100.0,USA
3416,201609,18,72.0,BLR
3417,201605,23,95.6,NOR
3418,201609,3,21.0,ISL
3419,201506,5,20.0,BRA
3420,201505,1,5.2,AFR
3421,201805,7,28.0,AZE
3422,201707,6,28.8,NOR
3423,201701,4,16.0,MDA
3424,201903,9,39.0,ITA
3425,201809,133,571.4,POL
3426,201512,1,4.0,CAN
3427,201601,1,4.0,CAN
3428,201806,25,100.0,CZE
3429,201810,1,4.0,NGA
3430,201906,73,307.0,UKR
3431,201811,1,4.0,KWT
3432,201802,5,22.4,AUS
3433,202012,29,116.0,GBR
3434,201903,17,70.4,BLR
3435,201912,2,8.0,NZL
3436,202002,52,210.39999999999998,FRA
3437,201603,1,4.0,VAT
3438,201911,2,8.0,TWN
3439,201601,2,8.0,AUT
3440,202002,12,49.2,LTU
3441,201910,1,4.0,ARG
3442,202001,3,12.0,TUR
3443,201811,2,8.0,CHE
3444,201606,11,44.0,IRL
3445,202002,1,4.0,COG
3446,202002,1,4.0,CUB
3447,201905,5,20.0,COL
3448,201812,2,10.4,PAK
3449,201502,1,4.0,IND
3450,202005,11,44.0,LTU
3451,202007,11,44.0,LVA
3452,201908,236,950.0,USA
3453,202008,3,12.0,ESP
3454,201701,45,189.0,EUR
3455,201711,8,32.0,IRL
3456,201705,841,3531.299999999999,
3457,201610,2,8.0,AUT
3458,201803,11,44.0,LVA
3459,201803,5,32.0,NOR
3460,201803,7,28.0,MEX
3461,201710,7,28.0,LVA
3462,201710,36,146.4,USA
3463,201802,11,44.0,AUT
3464,201705,73,295.6,FRA
3465,201507,63,284.79999999999995,USA
3466,201805,4,17.2,BRA
3467,201509,18,78.00000000000001,IRN
3468,201807,16,70.0,BEL
3469,201505,4,16.0,DNK
3470,201710,6,24.0,CHN
3471,201902,186,780.0000000000001,USA
3472,201902,20,81.2,CZE
3473,201506,3,13.5,ALB
3474,201610,11,45.2,SEN
3475,201511,5,21.2,ITA
3476,201810,63,258.0,UKR
3477,201702,4,16.0,HRV
3478,201507,1,4.0,TUN
3479,201812,28,116.4,CZE
3480,201505,17,68.0,WST
3481,201606,6,24.0,HUN
3482,201606,12,49.0,SWE
3483,201509,3,12.0,BGD
3484,201808,28,112.0,DEU
3485,201808,2,8.0,BEL
3486,201504,9,36.0,IRL
3487,201709,3,12.0,SAU
3488,201612,2,10.4,SRB
3489,201607,7,28.0,TKM
3490,201811,5,20.0,VAT
3491,201709,1,4.0,MDV
3492,201906,8,33.2,IRL
3493,201805,8,32.0,BGR
3494,202001,13,54.4,BLR
3495,201902,5,20.0,SAU
3496,201910,87,369.0,POL
3497,201808,2,8.0,QAT
3498,201507,2,8.0,MDA
3499,201912,4,18.0,GRC
3500,202003,12,48.0,HUN
3501,202002,1,4.0,IRL
3502,201809,3,12.0,KOR
3503,201911,6,24.5,CZE
3504,201901,4,16.0,ARM
3505,201603,1,4.0,SRB
3506,201911,1,4.0,VNM
3507,201502,1,4.0,COL
3508,201903,1,5.2,TUR
3509,202009,17,74.0,EUR
3510,201611,6,24.0,LVA
3511,201611,14,68.3,ISR
3512,201707,1584,6691.200000000002,
3513,201704,12,58.800000000000004,NOR
3514,201706,1,4.0,BTN
3515,201803,2,8.0,IRN
3516,201612,4,18.4,NGA
3517,201511,4,16.0,CHL
3518,201710,20,80.0,ARM
3519,201503,11,44.0,NOR
3520,201510,2,8.0,SAU
3521,201610,7,28.0,NLD
3522,201610,3,13.2,JOR
3523,201705,11,47.6,CZE
3524,201509,4,20.4,CHE
3525,201708,1,4.0,AUS
3526,201605,19,76.0,HUN
3527,201503,14,56.0,TUR
3528,201504,5,20.0,NPL
3529,201810,4,18.4,CHL
3530,201603,14,59.6,SVK
3531,201612,6,26.4,SVK
3532,201804,8,39.0,BGR
3533,201805,1,4.0,SYR
3534,201809,36,146.4,UKR
3535,201905,104,439.40000000000003,POL
3536,201812,3,12.0,AGO
3537,201805,18,72.0,HUN
3538,201806,1,4.0,IRN
3539,201912,648,2777.8999999999996,
3540,201901,3,12.0,ARG
3541,201901,10,43.6,NOR
3542,201901,15,62.9,LTU
3543,201805,6,24.0,PAK
3544,201512,4,16.0,LUX
3545,202010,7,28.0,EST
3546,202010,2,10.4,VAT
3547,201503,2,8.0,BRA
3548,201902,3,12.0,BHR
3549,202003,2,8.0,GRC
3550,202002,2,9.2,SWE
3551,201706,2,8.0,AUS
3552,201911,4,16.0,CHE
3553,201806,5,20.0,EST
3554,202002,4,16.0,AUS
3555,201809,4,22.0,DNK
3556,201811,4,16.0,ETH
3557,201806,16,64.0,LVA
3558,201601,1,4.0,NGA
3559,202012,1,4.0,HRV
3560,201707,1,4.0,KOR
3561,202001,2,8.0,CZE
3562,202002,1,5.2,CAN
3563,202004,1,4.0,DMA
3564,202005,2,8.0,LUX
3565,202007,9,36.0,GRC
3566,202006,17,68.0,HRV
3567,202007,2,8.0,NLD
3568,201702,17,70.4,FRA
3569,201709,30,121.2,HUN
3570,201709,2,10.4,LBY
3571,201612,6,24.0,SWE
3572,201708,18,72.0,WST
3573,201804,9,37.0,CZE
3574,201711,11,46.4,LTU
3575,201705,15,63.6,MEX
3576,201507,2,8.0,DNK
3577,201705,2,8.0,MCO
3578,201503,15,60.0,DNK
3579,201510,44,184.99999999999997,BGR
3580,201505,20,90.80000000000001,SYR
3581,201609,208,848.8,POL
3582,201807,15,66.0,GBR
3583,201603,1,4.0,SYR
3584,201612,3,12.0,TUN
3585,201503,1,4.0,DOM
3586,201608,1,4.0,PRT
3587,201707,3,12.0,MEX
3588,201902,29,116.0,BEL
3589,201708,3,12.0,HRV
3590,201509,2,8.0,BDI
3591,201601,3,12.0,CHL
3592,201502,13,67.60000000000001,JPN
3593,201511,3,12.0,SAU
3594,201709,2,8.0,ARG
3595,201809,39,160.8,EUR
3596,201603,4,16.0,CHE
3597,201902,3,12.0,VEN
3598,202010,3,12.0,FRA
3599,201807,23,95.0,ISR
3600,201807,8,33.2,CHN
3601,201804,2,10.4,CHE
3602,201504,1,4.0,MKD
3603,201611,2,8.0,TUR
3604,201811,2,8.0,LVA
3605,202002,3,15.600000000000001,EST
3606,201612,3,15.600000000000001,SGP
3607,201912,1,4.0,CUB
3608,201806,1,4.0,SYR
3609,201905,5,20.0,SWE
3610,202006,6,25.0,HUN
3611,202008,14,56.0,THA
3612,201611,12,48.0,SWE
3613,201611,2,8.0,AUT
3614,201701,3,12.0,LBY
3615,201704,1,4.0,IRN
3616,201706,37,157.60000000000002,CHN
3617,201612,2,8.0,DNK
3618,201805,14,56.0,DNK
3619,201804,30,120.0,GBR
3620,201804,12,48.0,TUR
3621,201801,20,80.0,GBR
3622,201802,1,5.2,NOR
3623,201506,2,8.0,SYR
3624,201804,5,20.0,ITA
3625,201601,2,8.0,SWE
3626,201508,2,8.0,UZB
3627,201609,58,232.0,USA
3628,201707,14,56.0,BGR
3629,201504,3,12.0,MOZ
3630,201804,2,8.0,KOR
3631,201806,878,3814.7,
3632,201805,7,28.0,WST
3633,201901,89,359.0,ITA
3634,201808,3,12.0,BLR
3635,201512,1,4.0,NMR
3636,201802,2,8.0,SGP
3637,201911,4,16.0,ITA
3638,201612,2,8.0,PRT
3639,201904,12,51.0,ITA
3640,201906,4,18.4,ISR
3641,201812,12,48.0,ITA
3642,202002,27,108.0,EUR
3643,201710,4,16.0,PRK
3644,201606,24,96.0,IDN
3645,201909,1,4.0,MDV
3646,201909,1,4.0,COL
3647,202002,2,8.0,BGR
3648,202001,1,4.0,ZAF
3649,201607,4,16.0,KOR
3650,201503,2,10.4,MNG
3651,201711,1,5.2,PAK
3652,201903,3,12.0,MEX
3653,201607,1,4.0,NMR
3654,201701,1,5.0,IND
3655,201902,2,8.0,NMR
3656,201808,2,8.0,GUY
3657,201909,2,8.0,KAZ
3658,201601,1,4.0,TUN
3659,202003,517,2189.2,
3660,202002,511,2177.2999999999997,
3661,201602,104,439.29999961853025,DEU
3662,201803,47,188.0,TUR
3663,201706,1,4.0,PRY
3664,201709,58,235.9,USA
3665,201610,219,937.5000000000001,POL
3666,201610,9,36.0,LUX
3667,201601,864,3616.0999998092598,
3668,201605,148,601.4,USA
3669,201708,5,20.0,PAN
3670,201804,136,558.2,POL
3671,201703,37,148.0,MKD
3672,201708,25,108.0,GBR
3673,201505,4,16.0,AGO
3674,201503,23,98.00000000000001,LTU
3675,201601,59,236.0,BEL
3676,201502,12,49.2,BLR
3677,201507,56,230.5,EUR
3678,201509,1,5.2,IND
3679,201708,3,12.0,BRA
3680,201504,1,4.0,TUR
3681,201603,13,61.60000000000001,AFR
3682,201506,18,76.60000000000001,ITA
3683,201509,3,13.2,LBN
3684,201902,862,3619.0999999999995,
3685,201605,3,12.0,IRL
3686,201811,826,3491.2999999999997,
3687,201811,4,16.0,WST
3688,201903,15,61.0,IRL
3689,201810,19,76.0,CHN
3690,201510,3,12.0,LAO
3691,201606,2,8.0,ARE
3692,201806,23,104.60000000000001,RUS
3693,201607,2,8.0,HRV
3694,201811,15,63.6,BLR
3695,201810,8,32.0,BLR
3696,202011,1,4.0,BHR
3697,201612,1,4.0,PSE
3698,201904,12,48.0,LVA
3699,201707,12,54.0,LTU
3700,201812,2,12.2,KAZ
3701,201607,6,24.0,ARM
3702,201701,5,22.4,EST
3703,201910,4,16.0,CHN
3704,201603,4,16.0,NZL
3705,202004,2,14.0,SWE
3706,201910,5,20.0,WST
3707,201604,2,8.0,LVA
3708,201605,2,10.4,ARM
3709,201806,9,36.0,BGR
3710,201503,1,4.0,MLT
3711,201607,1,4.0,ZMB
3712,202002,4,16.0,AZE
3713,201809,2,8.0,GRC
3714,201909,2,8.0,AFR
3715,202001,3,12.0,WST
3716,201905,2,8.0,BGR
3717,201902,2,8.0,ARG
3718,202003,23,92.0,RUS
3719,201704,19,79.4,CHN
3720,201611,131,537.8000000000001,USA
3721,201611,4,16.0,NOR
3722,201703,102,433.19999999999993,UKR
3723,201702,20,87.2,EGY
3724,201608,8,32.0,DNK
3725,201709,57,250.59999999999997,EUR
3726,201509,1239,5283.299999999987,
3727,201503,778,3289.099999999997,
3728,201804,23,94.4,RUS
3729,201801,17,68.0,PAN
3730,201804,7,28.0,CIV
3731,201503,1,4.0,HRV
3732,201510,11,46.4,TUR
3733,201709,2,8.0,SVK
3734,201507,3,12.0,ISR
3735,201811,15,60.0,BGR
3736,201510,1,4.0,GHA
3737,201603,7,28.0,CYP
3738,201909,18,75.2,HUN
3739,201610,7,29.0,SRB
3740,201610,1,4.0,PRT
3741,201905,11,44.0,HUN
3742,201812,6,28.8,NZL
3743,201502,2,14.0,BGR
3744,201609,3,12.0,BRA
3745,201807,17,70.0,HUN
3746,201703,5,20.0,NOR
3747,202011,26,105.5,EUR
3748,201903,4,20.8,QAT
3749,202012,2,8.0,LUX
3750,201906,7,31.6,NOR
3751,201707,2,8.0,IRQ
3752,201906,3,12.0,DOM
3753,202001,4,18.4,ITA
3754,201609,1,4.0,CHL
3755,201712,1,4.0,TUR
3756,201507,3,12.0,CAN
3757,201810,4,16.0,VAT
3758,201709,2,8.0,PAK
3759,201710,3,13.2,WST
3760,201806,5,20.0,IDN
3761,201503,1,4.0,NGA
3762,202005,21,84.0,RUS
3763,201906,164,702.3,POL
3764,202008,2,8.0,DOM
3765,201608,6,24.0,NLD
3766,201707,37,148.0,HUN
3767,201802,19,76.0,RUS
3768,201712,7,31.0,BLR
3769,201712,14,56.0,LUX
3770,201505,733,3057.4999999999977,
3771,201711,36,148.8,DEU
3772,201802,1,4.0,LVA
3773,201608,12,48.0,IRN
3774,201510,13,52.0,DEU
3775,201603,38,152.0,NLD
3776,201509,17,68.0,GBR
3777,201804,16,68.8,SYR
3778,201604,10,40.0,KAZ
3779,201512,40,164.8,LTU
3780,201503,8,32.0,CAN
3781,201709,6,27.599999999999998,NGA
3782,201904,47,189.2,UKR
3783,201511,7,28.0,CAN
3784,201711,3,12.5,AFG
3785,201605,9,38.400000000000006,SVK
3786,201512,1,4.0,IND
3787,201804,3,12.0,ALB
3788,201607,9,36.0,KWT
3789,201503,12,48.0,ISR
3790,201808,10,41.2,WST
3791,201711,2,8.0,TUN
3792,201605,1,4.0,AUT
3793,201612,1,4.0,PAK
3794,201806,1,4.0,AUS
3795,201607,36,156.0,CAN
3796,201810,6,25.5,MAR
3797,201603,2,8.0,SWE
3798,201804,3,12.0,AUS
3799,201508,1,4.0,SWE
3800,201612,3,15.600000000000001,MKD
3801,201912,14,56.0,CZE
3802,201903,4,20.8,TWN
3803,202012,1,4.0,IND
3804,202003,30,124.8,UKR
3805,202002,20,80.0,UKR
3806,201911,2,9.2,ESP
3807,201908,3,12.0,MCO
3808,201606,55,220.0,SRB
3809,201907,3,12.0,JPN
3810,201606,2,8.0,PSE
3811,201607,4,16.0,ARE
3812,201606,8,32.0,EST
3813,201512,1,5.2,CHE
3814,201607,1,4.0,PER
3815,201703,1,4.0,MEX
3816,202004,3,12.0,LTU
3817,202005,1,4.0,FIN
3818,202008,14,56.0,CHN
3819,201704,33,138.6,DEU
3820,201703,12,48.0,ISR
3821,201702,924,3934.799999999999,
3822,201611,5,20.0,CHN
3823,201704,53,218.00000000000003,MEX
3824,201711,292,1204.2,UKR
3825,201612,15,65.1,BLR
3826,201706,1,4.0,IND
3827,201712,117,492.09999999999997,UKR
3828,201506,803,3372.499999999998,
3829,201507,27,109.2,DEU
3830,201708,4,16.0,NOR
3831,201708,36,149.0,EUR
3832,201509,163,668.1000000000001,POL
3833,201601,123,498.4,EUR
3834,201508,27,108.0,CAN
3835,201711,3,12.0,AUT
3836,201507,33,139.8,GRC
3837,201601,70,280.0,WST
3838,201804,11,44.0,PAN
3839,201605,118,481.0,WST
3840,201502,9,36.0,GBR
3841,201805,5,20.0,PAN
3842,201810,6,24.0,WST
3843,201712,1,4.0,NLD
3844,201505,8,32.0,CHL
3845,201504,10,42.4,LTU
3846,201609,3,12.0,LBN
3847,201506,1,4.0,PER
3848,201502,2,8.0,ISR
3849,201808,1,4.0,CAN
3850,202010,10,40.0,BGR
3851,201807,3,12.0,SGP
3852,202012,10,40.0,ESP
3853,201802,11,44.0,GRC
3854,201802,2,8.0,BLR
3855,201607,2,8.0,DNK
3856,201701,4,16.0,ZMB
3857,201907,3,12.0,UZB
3858,202001,1,5.0,LUX
3859,201910,12,48.0,BLR
3860,202012,1,4.0,VEN
3861,201806,1,5.2,ARM
3862,202001,1,4.0,NLD
3863,201911,1,4.0,ARE
3864,201606,3,12.0,ARM
3865,201806,3,12.0,SEN
3866,202010,4,16.0,SVK
3867,201605,1,5.2,MDA
3868,201904,2,8.0,FIN
3869,202001,1,4.0,CAN
3870,201906,1,4.0,CHL
3871,201711,1,4.0,FIN
3872,202005,7,28.0,GBR
3873,201611,4,22.0,BGR
3874,201707,318,1279.2,DEU
3875,201610,14,56.0,GBR
3876,201801,10,43.6,ITA
3877,201705,4,16.0,ESP
3878,201507,91,387.8999999999999,POL
3879,201705,27,108.0,BEL
3880,201705,32,137.0,HUN
3881,201701,8,32.0,ESP
3882,201602,4,16.0,FIN
3883,201509,11,45.0,WST
3884,201702,4,16.0,PAN
3885,201710,10,40.0,LUX
3886,201902,5,20.0,SWE
3887,201505,4,16.0,HUN
3888,201605,2,8.0,LUX
3889,201705,28,112.0,GBR
3890,201602,4,16.0,EGY
3891,201909,15,60.0,IRQ
3892,201903,23,102.80000000000001,DEU
3893,201504,3,12.0,QAT
3894,201502,3,12.0,CZE
3895,201607,40,172.00000000000003,AFG
3896,201812,21,93.6,LTU
3897,201512,8,32.0,QAT
3898,201606,225,937.8,POL
3899,201611,7,28.0,SRB
3900,201602,2,8.0,KAZ
3901,201806,21,84.0,LTU
3902,201810,1,5.2,ARE
3903,201712,4,18.4,CHN
3904,201604,3,14.4,NOR
3905,201803,17,74.0,DNK
3906,202010,5,20.0,ITA
3907,201604,5,20.0,ISL
3908,201509,1,4.0,KOR
3909,201912,2,8.0,AUT
3910,202003,4,16.0,IND
3911,202010,5,20.0,SWE
3912,201609,2,8.0,MYS
3913,201903,2,10.4,BHR
